Name,Email,Years of Experience,Key Skills,Llama Score,Candidate ID,Application ID,Resume File,Llama Summary,Gemini Summary,Gemini Score,avg_score
Alexander Prince,alexanderprince@example.com,8,"['Cloud Infrastructure', 'Security Protocols', 'Python', 'Java', 'C++', 'AWS', 'Azure', 'GCP', 'Docker', 'Kubernetes']",9,c95788ab-42df-4277-b45c-102d4529df36,37f26b6e-3efd-40a0-870b-66ac104c1c68,c95788ab-42df-4277-b45c-102d4529df36.pdf,"Alexander Prince is an exceptionally strong candidate with a rich background in security protocols and systems, boasting 8 years of experience as a Senior Software Engineer. His proficiency in programming languages such as Python, Java, and C++ is complemented by his expertise in cloud infrastructure, having worked with AWS, Azure, and GCP. Notably, he has a proven track record of delivering secure and scalable solutions, including the implementation of a zero-trust architecture that reduced security breaches by 90%. His experience in designing and implementing comprehensive security frameworks, leading the development of cloud-based identity and access management systems, and collaborating with DevOps teams to integrate security testing into CI/CD pipelines demonstrates his ability to drive technical direction and ensure the scalability, reliability, and security of systems. Furthermore, his strong educational foundation, with a B.S. in Computer Science from Stanford University, and his passion for security, as evident from his personal projects, such as the OpenSensor Project, make him an ideal fit for the Senior Software Engineer role. Overall, Alexander's unique blend of technical expertise, leadership experience, and passion for security makes him a highly qualified candidate, and his skills and experience align perfectly with the job requirements, making him a strong contender for the position.","Alexander Prince presents a strong profile with 8 years of experience as a Senior Software Engineer specializing in security protocols and systems. His expertise aligns well with the job description, particularly in cloud infrastructure (AWS, Azure, GCP), programming languages (Python, Java, C++), and security principles. His proven track record of delivering secure and scalable solutions, including implementing a zero-trust architecture that resulted in a 90% reduction in security breaches, is highly compelling. Additionally, his educational background from Stanford University and involvement in personal security-related projects further solidify his qualifications.

While Alexander's security focus is a definite strength, his resume doesn't explicitly detail his experience with infrastructure-as-code tools like Terraform or CloudFormation, monitoring and logging tools (Prometheus, Grafana, ELK), or agile development methodologies (Scrum/Kanban), which are listed as preferred qualifications in the job description and missing skills in the current team. He is still a strong candidate and Llama's assessment of a 9/10 is correct, as his security expertise is highly valuable and he meets the core requirements. However, the team should still probe his experience in the missing areas to fully assess his suitability for the role.",7,8.0
Dawn Osborn,dawnosborn@example.com,9,"['Java', 'Python', 'JavaScript', 'C++', 'Cloud Infrastructure', 'Kubernetes', 'Docker', 'AWS', 'GCP', 'Azure']",8,40157b49-1976-4efb-bd27-3e7bf93c94e3,6d4e867b-376d-44aa-a9cc-91d3f92c9bf1,40157b49-1976-4efb-bd27-3e7bf93c94e3.pdf,"Dawn Osborn is a highly skilled and experienced software engineer with a strong background in cloud infrastructure, demonstrating a deep understanding of scalable and efficient system design. With 9 years of experience in backend development, specializing in large-scale distributed systems, Dawn has a proven track record of delivering high-performance APIs and reducing latency, showcasing their ability to drive technical direction and ensure scalability, reliability, and security. Their experience with Kubernetes, Docker, and cloud providers such as AWS, GCP, and Azure, aligns well with the job requirements, and their proficiency in programming languages like Java, Python, and C++ is a significant asset. Additionally, Dawn's experience in developing and maintaining automated deployment scripts, troubleshooting complex technical issues, and mentoring junior engineers, highlights their strong problem-solving skills, leadership potential, and ability to collaborate with cross-functional teams. While they meet and exceed the minimum experience requirement, their skills and experience make them a strong fit for the Senior Software Engineer position, and I would rate them an 8 out of 10, with the only area for improvement being their potential need to expand their experience with specific cloud services and tools, such as Terraform or CloudFormation, which can be addressed through further training and professional development. Overall, Dawn's technical expertise, leadership skills, and passion for open-source contributions make them a highly qualified candidate for this role.","Dawn Osborn presents a solid profile, exceeding the minimum experience requirement with nine years in backend development and specializing in large-scale distributed systems. Her experience with Kubernetes and Docker, combined with her work on microservices architecture and real-time data processing pipelines using Apache Kafka and Storm, demonstrates a strong grasp of cloud infrastructure principles. Her skills in Java, Python, and JavaScript align well with the job requirements, and her contributions to CI/CD pipelines using Jenkins and GitLab further enhance her suitability. While she lacks explicit mention of Terraform or CloudFormation, her general DevOps experience and cloud provider familiarity suggest a capacity to quickly learn these tools. **Llama's assessment of 8/10 seems justified.** Dawn's comprehensive experience and proven ability to deliver high-performance solutions make her a qualified candidate, with any gaps easily addressable through on-the-job learning and targeted training.",7,7.5
Cindy Lambert,cindylambert@example.com,7,"['Java', 'Python', 'C++', 'JavaScript', 'AWS', 'Azure', 'GCP', 'Git', 'Docker', 'Jenkins', 'Kubernetes', 'MySQL', 'MongoDB', 'PostgreSQL', 'Windows', 'Linux', 'macOS', 'SSL/TLS', 'Encryption', 'Firewall Configuration', 'Penetration Testing']",9,096946f9-8ffa-4238-9297-9c0052599845,1e7f4d54-82e5-4ab0-9b01-92c5b67a516b,096946f9-8ffa-4238-9297-9c0052599845.pdf,"Cindy Lambert is an exceptionally qualified candidate with a strong background in cloud infrastructure, security, and software development. Her 7 years of experience, combined with her PhD in Computer Science, demonstrate a deep understanding of technical concepts and a proven ability to apply them in real-world scenarios. Her experience as a Staff Software Engineer at CyberSafe Corp, where she led the development of a cloud-based security platform using AWS and Kubernetes, resulting in significant improvements in deployment time and system uptime, showcases her technical expertise and leadership skills. Additionally, her proficiency in programming languages such as Java, Python, and C++, as well as her experience with cloud providers like AWS, Azure, and GCP, make her a strong fit for the role. Her project experience, including the development of a secure online voting system using blockchain technology and a cybersecurity awareness training program, further demonstrate her ability to design and implement secure software solutions. Overall, Cindy's unique blend of technical expertise, leadership experience, and passion for security and cloud infrastructure make her an outstanding candidate, and I would highly recommend her for the position, scoring her a 9 out of 10.","Cindy Lambert presents a compelling profile as a highly experienced Staff Software Engineer specializing in Security, backed by a PhD and 7 years of experience, demonstrating a strong ability to lead teams and implement secure software solutions. Her experience at CyberSafe Corp, where she spearheaded the development of a cloud-based security platform using AWS and Kubernetes, resulting in tangible improvements in deployment time and system uptime, underscores her technical prowess and leadership abilities. Additionally, her proficiency in programming languages such as Java, Python, and C++, coupled with her practical experience with cloud providers like AWS, Azure, and GCP, makes her a potentially strong fit for the role. Her projects, including a secure online voting system using blockchain and a cybersecurity awareness training program, further demonstrate her ability to design and implement secure software solutions.

I believe Llama's assessment of 9/10 is slightly too high. While Cindy is undoubtedly a strong candidate, the job description has a strong focus on cloud infrastructure. Cindy's resume highlights *security* expertise more prominently than cloud infrastructure. While there is overlap, the resume leans towards security applications within the cloud (threat detection, secure voting) rather than the design, deployment, and maintenance of the underlying cloud infrastructure itself. The team already lacks expertise in networking fundamentals, monitoring and logging, and infrastructure as code. While Cindy is strong, she does not appear to be able to address these gaps. Someone with more hands-on experience building and managing cloud infrastructure, even without a PhD, may be a better fit. Therefore, a more appropriate score for Cindy would be an 7.5 or 8 out of 10. She is qualified but she is not a slam dunk.",9,9.0
Nathan Rodriguez,nathanrodriguez@example.com,8,"['Cloud Infrastructure', 'Microservice Architecture', 'Docker', 'Kubernetes', 'GCP', 'Python', 'Java', 'JavaScript', 'C++']",9,02401398-e3b5-4309-a235-b8aa164ba85f,65738a3b-7240-4678-be43-3eb1696f6eeb,02401398-e3b5-4309-a235-b8aa164ba85f.pdf,"Nathan Rodriguez is an exceptionally strong candidate with a deep background in cloud infrastructure, software development, and leadership, making him an ideal fit for the Senior Software Engineer position. With 8 years of experience, he has demonstrated expertise in designing and implementing scalable cloud-based systems, leveraging microservice architecture to drive efficiency and reliability. His technical skills are impressive, with proficiency in programming languages such as Python, Java, and JavaScript, as well as experience with cloud providers like AWS, GCP, and Azure. Notably, he has led the development of a cloud-based microservice platform using Docker, Kubernetes, and GCP, resulting in significant reductions in operational costs and deployment time. His experience in mentoring junior engineers and contributing to open-source projects also highlights his strong leadership and collaboration skills. While he exceeds the minimum experience requirement, his qualifications are further bolstered by his strong educational foundation, including a B.S. in Computer Science from Stanford University. Overall, Nathan's unique blend of technical expertise, leadership experience, and passion for innovation make him a highly attractive candidate, and I strongly believe he would be a valuable addition to the team, capable of driving technical direction and delivering high-quality solutions.","Nathan Rodriguez presents a very strong profile, closely aligning with the requirements and preferred qualifications of the Senior Software Engineer role. With 8 years of experience, he exceeds the minimum requirement and has demonstrated expertise in designing and implementing scalable cloud-based systems, particularly within microservice architectures. His proficiency in Python, Java, and JavaScript provides versatility, while his hands-on experience with Docker, Kubernetes, and GCP directly addresses the need for containerization and orchestration skills. The documented 30% reduction in operational costs and 25% increase in deployment speed at VantaLabs showcase his ability to drive impactful results. He also has strong experience with other tools that the team lacks, such as Nginx, which will be helpful for the company. While the resume doesn't explicitly mention experience with infrastructure-as-code tools like Terraform or CloudFormation, his deep Kubernetes and cloud provider knowledge strongly suggests familiarity with these concepts. Given the team's need for stronger networking fundamentals and cloud security expertise, these areas should be probed during an interview, but his existing skillset and experience make him a highly attractive candidate, supporting Llama's 9/10 assessment.",9,9.0
Lauren Powers,laurenpowers@example.com,5,"['JavaScript', 'Python', 'Java', 'C++', 'React', 'Angular', 'Vue.js', 'Django', 'AWS', 'GCP', 'Azure', 'Heroku', 'Git', 'Docker', 'Kubernetes', 'Jenkins', 'MongoDB', 'PostgreSQL', 'MySQL', 'Cassandra', 'Linux', 'macOS', 'Windows']",8,c12322b3-d288-4edd-afca-0f5f82bcfd18,8b067655-8cb5-4e45-aefc-8c7c623b23dd,c12322b3-d288-4edd-afca-0f5f82bcfd18.pdf,"Lauren Powers is a highly motivated Senior Software Engineer with a strong background in frontend development and a proven track record of delivering high-quality solutions, making her a good fit for the Cloud Infrastructure team. Although she has only 5 years of experience, which is slightly below the minimum requirement, her impressive projects and achievements demonstrate a depth of knowledge and skill that compensates for the shortfall in years of experience. Her experience in designing and implementing cloud-based systems, including a cloud-based e-commerce platform using React, Node.js, and MongoDB, and a microservices architecture using Docker, Kubernetes, and AWS, showcases her ability to work with complex cloud infrastructure. Additionally, her proficiency in programming languages such as JavaScript, Python, Java, and C++, as well as her experience with cloud providers like AWS, GCP, and Azure, aligns well with the team's requirements. Her strong problem-solving skills, demonstrated by her ability to troubleshoot and resolve complex technical issues, and her experience with containerization technologies like Docker and Kubernetes, further reinforce her candidacy. While she may not have direct experience with all the required skills, her strong educational foundation, including a Master's degree in Computer Science from Stanford University, and her passion for learning and contributing to open-source projects, suggest that she has the potential to quickly adapt to new technologies and fill any gaps in her skillset. Overall, Lauren's impressive technical skills, strong work ethic, and passion for cloud infrastructure make her a strong candidate for the Senior Software Engineer position, and with some additional training or mentorship, she has the potential to excel in this role.","Lauren Powers presents as a promising, albeit slightly junior, candidate for the Senior Software Engineer role. While she falls short of the stated minimum 6 years of experience with 5 years, her resume showcases a strong foundation in relevant technologies and a clear trajectory toward cloud infrastructure expertise. Her experience in developing cloud-based e-commerce platforms, implementing microservices architectures with Docker, Kubernetes, and AWS, and proficiency in programming languages like JavaScript, Python, Java, and C++ demonstrates a solid understanding of the required technical skillset. The strong educational background, including a Master's degree in Computer Science from Stanford, further reinforces her potential. However, her experience leans more towards application development and frontend expertise than pure cloud infrastructure. Given the team's need for experience with networking fundamentals, monitoring and logging tools, and infrastructure as code, Lauren might require additional training and mentorship to fully excel in the role. Therefore, Llama's assessment of 8 out of 10 seems generous. While she possesses the foundational skills and a clear aptitude for cloud infrastructure, her lack of direct experience in key areas may limit her ability to immediately contribute to the team's specific needs. A more realistic assessment would be a 6.5 or 7 out of 10.",6,7.0
Marissa Drake,marissadrake@example.com,6,"['Cloud Infrastructure', 'Frontend Development', 'System Architecture', 'Python', 'React', 'Node.js', 'MongoDB', 'Docker', 'Kubernetes', 'AWS']",8,de820d16-f4b2-48d3-9b9d-626d4ba0e8cd,cdd434d0-8e09-4e52-bc18-93fd149797ae,de820d16-f4b2-48d3-9b9d-626d4ba0e8cd.pdf,"Marissa Drake is a highly skilled and experienced software engineer with a strong background in cloud infrastructure, having spent 6 years in the field, meeting the minimum requirement. Her expertise in designing and implementing scalable cloud-based systems, as well as her proficiency in programming languages such as Python, Java, and C++, make her a strong fit for the Senior Software Engineer position. Her experience with cloud providers, including Amazon Web Services, and her understanding of cloud security, compliance, and governance principles, are also major assets. Additionally, her experience with containerization technologies, such as Docker, and container orchestration tools, such as Kubernetes, demonstrate her ability to work with modern cloud-native architectures. While her background is more focused on frontend development and system architecture, her skills are highly transferable, and her experience in developing and maintaining large-scale cloud-based systems, as well as her ability to mentor junior engineers, make her a great fit for a senior role. Her PhD in Computer Science and her numerous projects, including the development of a cloud-based e-commerce platform and a smart home automation system, demonstrate her technical expertise and innovative thinking. Overall, Marissa is a highly qualified candidate who possesses the technical skills, experience, and leadership abilities required for the Senior Software Engineer position, making her a strong fit for the role.","Marissa Drake, with 6 years of experience, presents a mixed profile for a Senior Cloud Infrastructure Engineer. While she meets the minimum experience requirement and boasts a PhD in Computer Science, her resume heavily emphasizes frontend development and system architecture, which doesn't fully align with the core responsibilities of designing and deploying cloud infrastructure. Her experience with Docker, Kubernetes, and AWS is promising, particularly her microservices architecture implementation that improved uptime and resource utilization. However, the resume lacks specific details on her experience with infrastructure-as-code tools like Terraform or CloudFormation, networking fundamentals, and cloud security principles, which are critical for the role. The numerous projects listed showcase her technical aptitude, but their direct relevance to cloud infrastructure is limited. Given the team's existing strengths and identified needs, Marissa could be a valuable asset with further training, but lacks the direct experience necessary to immediately excel in a senior cloud infrastructure role. Thus, a score of 8/10 seems too generous, and she is more accurately assessed as a 6.5 or 7.",6,7.0
Melissa Brady,melissabrady@example.com,10,"['Java', 'Python', 'C++', 'JavaScript', 'Cloud', 'AWS', 'Azure', 'GCP', 'Kubernetes', 'Docker', 'Security', 'Compliance']",9,f136d87a-9049-47cc-b0af-0256efd7daf4,c5302a60-7e7e-4241-a324-1feb68fd18d9,f136d87a-9049-47cc-b0af-0256efd7daf4.pdf,"Melissa Brady is an exceptionally qualified candidate with a strong background in cloud infrastructure, security, and software development, making her an ideal fit for the Senior Software Engineer position. With 10 years of experience, she possesses a deep understanding of cloud security, compliance, and governance principles, as well as proficiency in programming languages such as Java, Python, and C++. Her experience in designing and implementing cloud-based systems using AWS, Azure, and GCP, along with her expertise in containerization technologies like Docker and Kubernetes, demonstrates her ability to deliver scalable and efficient solutions. Furthermore, her strong problem-solving skills, experience with agile development methodologies, and familiarity with DevOps tools make her a well-rounded candidate. Her achievements, such as reducing security incidents by 30% and compliance costs by 25%, and improving threat detection accuracy by 40%, showcase her ability to drive impactful results. Overall, Melissa's impressive combination of technical skills, experience, and achievements make her a highly qualified candidate who would be a valuable asset to the team, and her passion for continuous learning and mentorship aligns with the company's culture and values.","Melissa Brady is a highly qualified candidate who exceeds the minimum experience requirements with 10 years in software engineering, specializing in security and cloud infrastructure. Her resume showcases a strong track record of leading cross-functional engineering initiatives and delivering high-impact security solutions, particularly in cloud environments. Her experience with AWS and Kubernetes, coupled with her expertise in threat detection using machine learning and compliance with industry regulations like HIPAA and PCI-DSS, makes her a valuable asset. Furthermore, her ability to mentor junior engineers and contribute to open-source projects demonstrates her commitment to continuous learning and knowledge sharing, aligning well with the company's culture. Llama's assessment of 9/10 is accurate; Melissa's skills and experience closely match the job description's requirements and preferred qualifications, making her an excellent fit for the Senior Software Engineer position.",9,9.0
David Sloan,davidsloan@example.com,4,"['Cloud Infrastructure', 'DevOps', 'Scalable Architecture', 'Python', 'Java', 'JavaScript', 'AWS', 'Azure', 'GCP', 'Docker', 'Kubernetes']",8,982d4b52-c470-4f48-ba1d-c090f6acccb5,6492c16d-92ea-42dc-8818-242fbacae082,982d4b52-c470-4f48-ba1d-c090f6acccb5.pdf,"David Sloan is a highly promising candidate with a strong background in cloud infrastructure and software development, despite having only 4 years of experience. His resume showcases a solid foundation in designing and implementing scalable cloud-based systems, with a focus on serverless architecture, containerization, and automation. He has demonstrated proficiency in programming languages such as Python, Java, and JavaScript, and has experience with cloud providers like AWS, Azure, and GCP. His experience with containerization technologies like Docker and Kubernetes is particularly noteworthy, as is his familiarity with DevOps tools like Jenkins and GitLab. While he may not meet the minimum 6 years of experience requirement, his impressive project portfolio and achievements, such as reducing latency by 30% and increasing scalability for a real-time analytics platform, demonstrate a level of maturity and expertise that belies his relatively short tenure in the field. Additionally, his strong educational background, including a Master's degree in Computer Science from Stanford University, provides a solid theoretical foundation for his practical experience. Overall, David's skills, experience, and passion for cloud infrastructure make him a strong fit for the Senior Software Engineer role, and his potential for growth and contribution to the team is significant.","David Sloan, despite having only 4 years of experience, presents a promising profile for the Senior Software Engineer role. His resume demonstrates proficiency in designing and deploying cloud-based infrastructure, particularly within AWS, using serverless architectures, containerization (Docker, Kubernetes), and CI/CD pipelines (Jenkins, GitLab). His experience at VantaLabs showcases his ability to significantly improve system performance and scalability, as evidenced by a 30% latency reduction and a 99.99% uptime. He also has experience migrating monolithic applications to microservices. In addition, he possesses a strong educational background, with a Master's degree in Computer Science from Stanford.

Llama's assessment of 8/10 is accurate. While David doesn't meet the 6-year experience minimum, his achievements and project work demonstrate a level of expertise that compensates for the shorter tenure. He exhibits a practical understanding of modern cloud technologies and DevOps practices. His skills align well with the required skills outlined in the job description, and given the team's needs, he would be a valuable asset. He would add to the team's containerization and automation expertise, and his solid educational background would allow him to quickly learn and contribute to the team's needs.",7,7.5
Brandon Martin,brandonmartin@example.com,4,"['Cloud Infrastructure', 'Terraform', 'AWS', 'Python', 'Java', 'JavaScript', 'Docker', 'Kubernetes']",8,24845465-fcbc-451a-9705-37ce4893a06e,ad6827e3-892b-4e03-bcac-e05642cef970,24845465-fcbc-451a-9705-37ce4893a06e.pdf,"Brandon Martin is a highly skilled and experienced software engineer with a strong background in cloud infrastructure and development, scoring an 8 out of 10 in terms of overall fit for the Senior Software Engineer position. Despite having only 4 years of experience, which is slightly below the minimum requirement of 6 years, Martin's impressive track record of delivering scalable and efficient solutions, combined with his proficiency in programming languages such as Python, Java, and JavaScript, and his experience with cloud providers like AWS, Azure, and GCP, make him a compelling candidate. His experience with containerization technologies like Docker and container orchestration tools like Kubernetes is also highly relevant, and his strong understanding of cloud security, compliance, and governance principles is a significant asset. Additionally, Martin's experience with infrastructure as code tools like Terraform and his participation in open-source projects demonstrate his commitment to continuous learning and his ability to contribute to the development of scalable and efficient cloud-based systems. While Martin may not meet the minimum years of experience requirement, his exceptional skills, experience, and achievements make him a strong fit for the position, and his potential to grow and develop as a senior software engineer is substantial. Overall, Martin's unique blend of technical expertise, experience, and passion for cloud infrastructure and development make him an attractive candidate for the Senior Software Engineer role.","Brandon Martin presents as a promising mid-level cloud engineer, despite having only 4 years of experience compared to the 6 years preferred by the job description. His resume showcases practical experience with key cloud technologies like AWS and Terraform, demonstrated by designing scalable cloud architectures, implementing infrastructure as code, and automating deployment scripts with Jenkins. His accomplishments, such as the 25% system uptime increase and 40% operational cost reduction, highlight his ability to translate technical skills into tangible business value. Additionally, his open-source contribution to a popular Terraform module for AWS and his experience with cloud-based CI/CD pipelines further solidify his qualifications. While he lacks the senior-level experience the company is seeking, his skills, achievements, and focus on automation make him a strong candidate who can quickly grow into the role. I agree with Llama's assessment of 8/10, as his skills are highly relevant, and his experience is impressive for his current level; he is a great fit for the team and will fill gaps the company has.",6,7.0
