Name,Email,Years of Experience,Key Skills,Llama Score,Candidate ID,Application ID,Resume File,Llama Summary,Gemini Summary,Gemini Score,avg_score,Note,candidate_id,location,education,job_id,application_date,source
Alexander Prince,alexanderprince@example.com,8,"['Cloud Infrastructure', 'Security Protocols', 'Python', 'Java', 'C++', 'AWS', 'Azure', 'GCP', 'Docker', 'Kubernetes']",9,c95788ab-42df-4277-b45c-102d4529df36,37f26b6e-3efd-40a0-870b-66ac104c1c68,c95788ab-42df-4277-b45c-102d4529df36.pdf,"Alexander Prince is an exceptionally strong candidate with a rich background in security protocols and systems, boasting 8 years of experience as a Senior Software Engineer. His proficiency in programming languages such as Python, Java, and C++ is complemented by his expertise in cloud infrastructure, having worked with AWS, Azure, and GCP. Notably, he has a proven track record of delivering secure and scalable solutions, including the implementation of a zero-trust architecture that reduced security breaches by 90%. His experience in designing and implementing comprehensive security frameworks, leading the development of cloud-based identity and access management systems, and collaborating with DevOps teams to integrate security testing into CI/CD pipelines demonstrates his ability to drive technical direction and ensure the scalability, reliability, and security of systems. Furthermore, his strong educational foundation, with a B.S. in Computer Science from Stanford University, and his passion for security, as evident from his personal projects, such as the OpenSensor Project, make him an ideal fit for the Senior Software Engineer role. Overall, Alexander's unique blend of technical expertise, leadership experience, and passion for security makes him a highly qualified candidate, and his skills and experience align perfectly with the job requirements, making him a strong contender for the position.","Alexander Prince presents a strong profile with 8 years of experience as a Senior Software Engineer specializing in security protocols and systems. His expertise aligns well with the job description, particularly in cloud infrastructure (AWS, Azure, GCP), programming languages (Python, Java, C++), and security principles. His proven track record of delivering secure and scalable solutions, including implementing a zero-trust architecture that resulted in a 90% reduction in security breaches, is highly compelling. Additionally, his educational background from Stanford University and involvement in personal security-related projects further solidify his qualifications.

While Alexander's security focus is a definite strength, his resume doesn't explicitly detail his experience with infrastructure-as-code tools like Terraform or CloudFormation, monitoring and logging tools (Prometheus, Grafana, ELK), or agile development methodologies (Scrum/Kanban), which are listed as preferred qualifications in the job description and missing skills in the current team. He is still a strong candidate and Llama's assessment of a 9/10 is correct, as his security expertise is highly valuable and he meets the core requirements. However, the team should still probe his experience in the missing areas to fully assess his suitability for the role.",7,8.0,,c95788ab-42df-4277-b45c-102d4529df36,"New York, NY",Bachelor's Degree,c143e4c4-0444-45b9-b03f-31c48a310cd0,2025-04-01,Company Website
Dawn Osborn,dawnosborn@example.com,9,"['Java', 'Python', 'JavaScript', 'C++', 'Cloud Infrastructure', 'Kubernetes', 'Docker', 'AWS', 'GCP', 'Azure']",8,40157b49-1976-4efb-bd27-3e7bf93c94e3,6d4e867b-376d-44aa-a9cc-91d3f92c9bf1,40157b49-1976-4efb-bd27-3e7bf93c94e3.pdf,"Dawn Osborn is a highly skilled and experienced software engineer with a strong background in cloud infrastructure, demonstrating a deep understanding of scalable and efficient system design. With 9 years of experience in backend development, specializing in large-scale distributed systems, Dawn has a proven track record of delivering high-performance APIs and reducing latency, showcasing their ability to drive technical direction and ensure scalability, reliability, and security. Their experience with Kubernetes, Docker, and cloud providers such as AWS, GCP, and Azure, aligns well with the job requirements, and their proficiency in programming languages like Java, Python, and C++ is a significant asset. Additionally, Dawn's experience in developing and maintaining automated deployment scripts, troubleshooting complex technical issues, and mentoring junior engineers, highlights their strong problem-solving skills, leadership potential, and ability to collaborate with cross-functional teams. While they meet and exceed the minimum experience requirement, their skills and experience make them a strong fit for the Senior Software Engineer position, and I would rate them an 8 out of 10, with the only area for improvement being their potential need to expand their experience with specific cloud services and tools, such as Terraform or CloudFormation, which can be addressed through further training and professional development. Overall, Dawn's technical expertise, leadership skills, and passion for open-source contributions make them a highly qualified candidate for this role.","Dawn Osborn presents a solid profile, exceeding the minimum experience requirement with nine years in backend development and specializing in large-scale distributed systems. Her experience with Kubernetes and Docker, combined with her work on microservices architecture and real-time data processing pipelines using Apache Kafka and Storm, demonstrates a strong grasp of cloud infrastructure principles. Her skills in Java, Python, and JavaScript align well with the job requirements, and her contributions to CI/CD pipelines using Jenkins and GitLab further enhance her suitability. While she lacks explicit mention of Terraform or CloudFormation, her general DevOps experience and cloud provider familiarity suggest a capacity to quickly learn these tools. **Llama's assessment of 8/10 seems justified.** Dawn's comprehensive experience and proven ability to deliver high-performance solutions make her a qualified candidate, with any gaps easily addressable through on-the-job learning and targeted training.",7,7.5,,40157b49-1976-4efb-bd27-3e7bf93c94e3,"Chicago, IL",Bachelor's Degree,c143e4c4-0444-45b9-b03f-31c48a310cd0,2025-03-14,Referral
Cindy Lambert,cindylambert@example.com,7,"['Java', 'Python', 'C++', 'JavaScript', 'AWS', 'Azure', 'GCP', 'Git', 'Docker', 'Jenkins', 'Kubernetes', 'MySQL', 'MongoDB', 'PostgreSQL', 'Windows', 'Linux', 'macOS', 'SSL/TLS', 'Encryption', 'Firewall Configuration', 'Penetration Testing']",9,096946f9-8ffa-4238-9297-9c0052599845,1e7f4d54-82e5-4ab0-9b01-92c5b67a516b,096946f9-8ffa-4238-9297-9c0052599845.pdf,"Cindy Lambert is an exceptionally qualified candidate with a strong background in cloud infrastructure, security, and software development. Her 7 years of experience, combined with her PhD in Computer Science, demonstrate a deep understanding of technical concepts and a proven ability to apply them in real-world scenarios. Her experience as a Staff Software Engineer at CyberSafe Corp, where she led the development of a cloud-based security platform using AWS and Kubernetes, resulting in significant improvements in deployment time and system uptime, showcases her technical expertise and leadership skills. Additionally, her proficiency in programming languages such as Java, Python, and C++, as well as her experience with cloud providers like AWS, Azure, and GCP, make her a strong fit for the role. Her project experience, including the development of a secure online voting system using blockchain technology and a cybersecurity awareness training program, further demonstrate her ability to design and implement secure software solutions. Overall, Cindy's unique blend of technical expertise, leadership experience, and passion for security and cloud infrastructure make her an outstanding candidate, and I would highly recommend her for the position, scoring her a 9 out of 10.","Cindy Lambert presents a compelling profile as a highly experienced Staff Software Engineer specializing in Security, backed by a PhD and 7 years of experience, demonstrating a strong ability to lead teams and implement secure software solutions. Her experience at CyberSafe Corp, where she spearheaded the development of a cloud-based security platform using AWS and Kubernetes, resulting in tangible improvements in deployment time and system uptime, underscores her technical prowess and leadership abilities. Additionally, her proficiency in programming languages such as Java, Python, and C++, coupled with her practical experience with cloud providers like AWS, Azure, and GCP, makes her a potentially strong fit for the role. Her projects, including a secure online voting system using blockchain and a cybersecurity awareness training program, further demonstrate her ability to design and implement secure software solutions.

I believe Llama's assessment of 9/10 is slightly too high. While Cindy is undoubtedly a strong candidate, the job description has a strong focus on cloud infrastructure. Cindy's resume highlights *security* expertise more prominently than cloud infrastructure. While there is overlap, the resume leans towards security applications within the cloud (threat detection, secure voting) rather than the design, deployment, and maintenance of the underlying cloud infrastructure itself. The team already lacks expertise in networking fundamentals, monitoring and logging, and infrastructure as code. While Cindy is strong, she does not appear to be able to address these gaps. Someone with more hands-on experience building and managing cloud infrastructure, even without a PhD, may be a better fit. Therefore, a more appropriate score for Cindy would be an 7.5 or 8 out of 10. She is qualified but she is not a slam dunk.",9,9.0,,096946f9-8ffa-4238-9297-9c0052599845,"San Francisco, CA",PhD,c143e4c4-0444-45b9-b03f-31c48a310cd0,2025-03-08,Indeed
Nathan Rodriguez,nathanrodriguez@example.com,8,"['Cloud Infrastructure', 'Microservice Architecture', 'Docker', 'Kubernetes', 'GCP', 'Python', 'Java', 'JavaScript', 'C++']",9,02401398-e3b5-4309-a235-b8aa164ba85f,65738a3b-7240-4678-be43-3eb1696f6eeb,02401398-e3b5-4309-a235-b8aa164ba85f.pdf,"Nathan Rodriguez is an exceptionally strong candidate with a deep background in cloud infrastructure, software development, and leadership, making him an ideal fit for the Senior Software Engineer position. With 8 years of experience, he has demonstrated expertise in designing and implementing scalable cloud-based systems, leveraging microservice architecture to drive efficiency and reliability. His technical skills are impressive, with proficiency in programming languages such as Python, Java, and JavaScript, as well as experience with cloud providers like AWS, GCP, and Azure. Notably, he has led the development of a cloud-based microservice platform using Docker, Kubernetes, and GCP, resulting in significant reductions in operational costs and deployment time. His experience in mentoring junior engineers and contributing to open-source projects also highlights his strong leadership and collaboration skills. While he exceeds the minimum experience requirement, his qualifications are further bolstered by his strong educational foundation, including a B.S. in Computer Science from Stanford University. Overall, Nathan's unique blend of technical expertise, leadership experience, and passion for innovation make him a highly attractive candidate, and I strongly believe he would be a valuable addition to the team, capable of driving technical direction and delivering high-quality solutions.","Nathan Rodriguez presents a very strong profile, closely aligning with the requirements and preferred qualifications of the Senior Software Engineer role. With 8 years of experience, he exceeds the minimum requirement and has demonstrated expertise in designing and implementing scalable cloud-based systems, particularly within microservice architectures. His proficiency in Python, Java, and JavaScript provides versatility, while his hands-on experience with Docker, Kubernetes, and GCP directly addresses the need for containerization and orchestration skills. The documented 30% reduction in operational costs and 25% increase in deployment speed at VantaLabs showcase his ability to drive impactful results. He also has strong experience with other tools that the team lacks, such as Nginx, which will be helpful for the company. While the resume doesn't explicitly mention experience with infrastructure-as-code tools like Terraform or CloudFormation, his deep Kubernetes and cloud provider knowledge strongly suggests familiarity with these concepts. Given the team's need for stronger networking fundamentals and cloud security expertise, these areas should be probed during an interview, but his existing skillset and experience make him a highly attractive candidate, supporting Llama's 9/10 assessment.",9,9.0,,02401398-e3b5-4309-a235-b8aa164ba85f,"Austin, TX",Bachelor's Degree,c143e4c4-0444-45b9-b03f-31c48a310cd0,2025-04-21,Company Website
Lauren Powers,laurenpowers@example.com,5,"['JavaScript', 'Python', 'Java', 'C++', 'React', 'Angular', 'Vue.js', 'Django', 'AWS', 'GCP', 'Azure', 'Heroku', 'Git', 'Docker', 'Kubernetes', 'Jenkins', 'MongoDB', 'PostgreSQL', 'MySQL', 'Cassandra', 'Linux', 'macOS', 'Windows']",8,c12322b3-d288-4edd-afca-0f5f82bcfd18,8b067655-8cb5-4e45-aefc-8c7c623b23dd,c12322b3-d288-4edd-afca-0f5f82bcfd18.pdf,"Lauren Powers is a highly motivated Senior Software Engineer with a strong background in frontend development and a proven track record of delivering high-quality solutions, making her a good fit for the Cloud Infrastructure team. Although she has only 5 years of experience, which is slightly below the minimum requirement, her impressive projects and achievements demonstrate a depth of knowledge and skill that compensates for the shortfall in years of experience. Her experience in designing and implementing cloud-based systems, including a cloud-based e-commerce platform using React, Node.js, and MongoDB, and a microservices architecture using Docker, Kubernetes, and AWS, showcases her ability to work with complex cloud infrastructure. Additionally, her proficiency in programming languages such as JavaScript, Python, Java, and C++, as well as her experience with cloud providers like AWS, GCP, and Azure, aligns well with the team's requirements. Her strong problem-solving skills, demonstrated by her ability to troubleshoot and resolve complex technical issues, and her experience with containerization technologies like Docker and Kubernetes, further reinforce her candidacy. While she may not have direct experience with all the required skills, her strong educational foundation, including a Master's degree in Computer Science from Stanford University, and her passion for learning and contributing to open-source projects, suggest that she has the potential to quickly adapt to new technologies and fill any gaps in her skillset. Overall, Lauren's impressive technical skills, strong work ethic, and passion for cloud infrastructure make her a strong candidate for the Senior Software Engineer position, and with some additional training or mentorship, she has the potential to excel in this role.","Lauren Powers presents as a promising, albeit slightly junior, candidate for the Senior Software Engineer role. While she falls short of the stated minimum 6 years of experience with 5 years, her resume showcases a strong foundation in relevant technologies and a clear trajectory toward cloud infrastructure expertise. Her experience in developing cloud-based e-commerce platforms, implementing microservices architectures with Docker, Kubernetes, and AWS, and proficiency in programming languages like JavaScript, Python, Java, and C++ demonstrates a solid understanding of the required technical skillset. The strong educational background, including a Master's degree in Computer Science from Stanford, further reinforces her potential. However, her experience leans more towards application development and frontend expertise than pure cloud infrastructure. Given the team's need for experience with networking fundamentals, monitoring and logging tools, and infrastructure as code, Lauren might require additional training and mentorship to fully excel in the role. Therefore, Llama's assessment of 8 out of 10 seems generous. While she possesses the foundational skills and a clear aptitude for cloud infrastructure, her lack of direct experience in key areas may limit her ability to immediately contribute to the team's specific needs. A more realistic assessment would be a 6.5 or 7 out of 10.",6,7.0,,c12322b3-d288-4edd-afca-0f5f82bcfd18,"Chicago, IL",Master's Degree,c143e4c4-0444-45b9-b03f-31c48a310cd0,2025-03-12,Indeed
Marissa Drake,marissadrake@example.com,6,"['Cloud Infrastructure', 'Frontend Development', 'System Architecture', 'Python', 'React', 'Node.js', 'MongoDB', 'Docker', 'Kubernetes', 'AWS']",8,de820d16-f4b2-48d3-9b9d-626d4ba0e8cd,cdd434d0-8e09-4e52-bc18-93fd149797ae,de820d16-f4b2-48d3-9b9d-626d4ba0e8cd.pdf,"Marissa Drake is a highly skilled and experienced software engineer with a strong background in cloud infrastructure, having spent 6 years in the field, meeting the minimum requirement. Her expertise in designing and implementing scalable cloud-based systems, as well as her proficiency in programming languages such as Python, Java, and C++, make her a strong fit for the Senior Software Engineer position. Her experience with cloud providers, including Amazon Web Services, and her understanding of cloud security, compliance, and governance principles, are also major assets. Additionally, her experience with containerization technologies, such as Docker, and container orchestration tools, such as Kubernetes, demonstrate her ability to work with modern cloud-native architectures. While her background is more focused on frontend development and system architecture, her skills are highly transferable, and her experience in developing and maintaining large-scale cloud-based systems, as well as her ability to mentor junior engineers, make her a great fit for a senior role. Her PhD in Computer Science and her numerous projects, including the development of a cloud-based e-commerce platform and a smart home automation system, demonstrate her technical expertise and innovative thinking. Overall, Marissa is a highly qualified candidate who possesses the technical skills, experience, and leadership abilities required for the Senior Software Engineer position, making her a strong fit for the role.","Marissa Drake, with 6 years of experience, presents a mixed profile for a Senior Cloud Infrastructure Engineer. While she meets the minimum experience requirement and boasts a PhD in Computer Science, her resume heavily emphasizes frontend development and system architecture, which doesn't fully align with the core responsibilities of designing and deploying cloud infrastructure. Her experience with Docker, Kubernetes, and AWS is promising, particularly her microservices architecture implementation that improved uptime and resource utilization. However, the resume lacks specific details on her experience with infrastructure-as-code tools like Terraform or CloudFormation, networking fundamentals, and cloud security principles, which are critical for the role. The numerous projects listed showcase her technical aptitude, but their direct relevance to cloud infrastructure is limited. Given the team's existing strengths and identified needs, Marissa could be a valuable asset with further training, but lacks the direct experience necessary to immediately excel in a senior cloud infrastructure role. Thus, a score of 8/10 seems too generous, and she is more accurately assessed as a 6.5 or 7.",6,7.0,,de820d16-f4b2-48d3-9b9d-626d4ba0e8cd,"New York, NY",PhD,c143e4c4-0444-45b9-b03f-31c48a310cd0,2025-04-09,Indeed
Melissa Brady,melissabrady@example.com,10,"['Java', 'Python', 'C++', 'JavaScript', 'Cloud', 'AWS', 'Azure', 'GCP', 'Kubernetes', 'Docker', 'Security', 'Compliance']",9,f136d87a-9049-47cc-b0af-0256efd7daf4,c5302a60-7e7e-4241-a324-1feb68fd18d9,f136d87a-9049-47cc-b0af-0256efd7daf4.pdf,"Melissa Brady is an exceptionally qualified candidate with a strong background in cloud infrastructure, security, and software development, making her an ideal fit for the Senior Software Engineer position. With 10 years of experience, she possesses a deep understanding of cloud security, compliance, and governance principles, as well as proficiency in programming languages such as Java, Python, and C++. Her experience in designing and implementing cloud-based systems using AWS, Azure, and GCP, along with her expertise in containerization technologies like Docker and Kubernetes, demonstrates her ability to deliver scalable and efficient solutions. Furthermore, her strong problem-solving skills, experience with agile development methodologies, and familiarity with DevOps tools make her a well-rounded candidate. Her achievements, such as reducing security incidents by 30% and compliance costs by 25%, and improving threat detection accuracy by 40%, showcase her ability to drive impactful results. Overall, Melissa's impressive combination of technical skills, experience, and achievements make her a highly qualified candidate who would be a valuable asset to the team, and her passion for continuous learning and mentorship aligns with the company's culture and values.","Melissa Brady is a highly qualified candidate who exceeds the minimum experience requirements with 10 years in software engineering, specializing in security and cloud infrastructure. Her resume showcases a strong track record of leading cross-functional engineering initiatives and delivering high-impact security solutions, particularly in cloud environments. Her experience with AWS and Kubernetes, coupled with her expertise in threat detection using machine learning and compliance with industry regulations like HIPAA and PCI-DSS, makes her a valuable asset. Furthermore, her ability to mentor junior engineers and contribute to open-source projects demonstrates her commitment to continuous learning and knowledge sharing, aligning well with the company's culture. Llama's assessment of 9/10 is accurate; Melissa's skills and experience closely match the job description's requirements and preferred qualifications, making her an excellent fit for the Senior Software Engineer position.",9,9.0,,f136d87a-9049-47cc-b0af-0256efd7daf4,"Austin, TX",Master's Degree,c143e4c4-0444-45b9-b03f-31c48a310cd0,2025-04-10,LinkedIn
David Sloan,davidsloan@example.com,4,"['Cloud Infrastructure', 'DevOps', 'Scalable Architecture', 'Python', 'Java', 'JavaScript', 'AWS', 'Azure', 'GCP', 'Docker', 'Kubernetes']",8,982d4b52-c470-4f48-ba1d-c090f6acccb5,6492c16d-92ea-42dc-8818-242fbacae082,982d4b52-c470-4f48-ba1d-c090f6acccb5.pdf,"David Sloan is a highly promising candidate with a strong background in cloud infrastructure and software development, despite having only 4 years of experience. His resume showcases a solid foundation in designing and implementing scalable cloud-based systems, with a focus on serverless architecture, containerization, and automation. He has demonstrated proficiency in programming languages such as Python, Java, and JavaScript, and has experience with cloud providers like AWS, Azure, and GCP. His experience with containerization technologies like Docker and Kubernetes is particularly noteworthy, as is his familiarity with DevOps tools like Jenkins and GitLab. While he may not meet the minimum 6 years of experience requirement, his impressive project portfolio and achievements, such as reducing latency by 30% and increasing scalability for a real-time analytics platform, demonstrate a level of maturity and expertise that belies his relatively short tenure in the field. Additionally, his strong educational background, including a Master's degree in Computer Science from Stanford University, provides a solid theoretical foundation for his practical experience. Overall, David's skills, experience, and passion for cloud infrastructure make him a strong fit for the Senior Software Engineer role, and his potential for growth and contribution to the team is significant.","David Sloan, despite having only 4 years of experience, presents a promising profile for the Senior Software Engineer role. His resume demonstrates proficiency in designing and deploying cloud-based infrastructure, particularly within AWS, using serverless architectures, containerization (Docker, Kubernetes), and CI/CD pipelines (Jenkins, GitLab). His experience at VantaLabs showcases his ability to significantly improve system performance and scalability, as evidenced by a 30% latency reduction and a 99.99% uptime. He also has experience migrating monolithic applications to microservices. In addition, he possesses a strong educational background, with a Master's degree in Computer Science from Stanford.

Llama's assessment of 8/10 is accurate. While David doesn't meet the 6-year experience minimum, his achievements and project work demonstrate a level of expertise that compensates for the shorter tenure. He exhibits a practical understanding of modern cloud technologies and DevOps practices. His skills align well with the required skills outlined in the job description, and given the team's needs, he would be a valuable asset. He would add to the team's containerization and automation expertise, and his solid educational background would allow him to quickly learn and contribute to the team's needs.",7,7.5,,982d4b52-c470-4f48-ba1d-c090f6acccb5,"New York, NY",Master's Degree,c143e4c4-0444-45b9-b03f-31c48a310cd0,2025-03-28,Indeed
Brandon Martin,brandonmartin@example.com,4,"['Cloud Infrastructure', 'Terraform', 'AWS', 'Python', 'Java', 'JavaScript', 'Docker', 'Kubernetes']",8,24845465-fcbc-451a-9705-37ce4893a06e,ad6827e3-892b-4e03-bcac-e05642cef970,24845465-fcbc-451a-9705-37ce4893a06e.pdf,"Brandon Martin is a highly skilled and experienced software engineer with a strong background in cloud infrastructure and development, scoring an 8 out of 10 in terms of overall fit for the Senior Software Engineer position. Despite having only 4 years of experience, which is slightly below the minimum requirement of 6 years, Martin's impressive track record of delivering scalable and efficient solutions, combined with his proficiency in programming languages such as Python, Java, and JavaScript, and his experience with cloud providers like AWS, Azure, and GCP, make him a compelling candidate. His experience with containerization technologies like Docker and container orchestration tools like Kubernetes is also highly relevant, and his strong understanding of cloud security, compliance, and governance principles is a significant asset. Additionally, Martin's experience with infrastructure as code tools like Terraform and his participation in open-source projects demonstrate his commitment to continuous learning and his ability to contribute to the development of scalable and efficient cloud-based systems. While Martin may not meet the minimum years of experience requirement, his exceptional skills, experience, and achievements make him a strong fit for the position, and his potential to grow and develop as a senior software engineer is substantial. Overall, Martin's unique blend of technical expertise, experience, and passion for cloud infrastructure and development make him an attractive candidate for the Senior Software Engineer role.","Brandon Martin presents as a promising mid-level cloud engineer, despite having only 4 years of experience compared to the 6 years preferred by the job description. His resume showcases practical experience with key cloud technologies like AWS and Terraform, demonstrated by designing scalable cloud architectures, implementing infrastructure as code, and automating deployment scripts with Jenkins. His accomplishments, such as the 25% system uptime increase and 40% operational cost reduction, highlight his ability to translate technical skills into tangible business value. Additionally, his open-source contribution to a popular Terraform module for AWS and his experience with cloud-based CI/CD pipelines further solidify his qualifications. While he lacks the senior-level experience the company is seeking, his skills, achievements, and focus on automation make him a strong candidate who can quickly grow into the role. I agree with Llama's assessment of 8/10, as his skills are highly relevant, and his experience is impressive for his current level; he is a great fit for the team and will fill gaps the company has.",6,7.0,,24845465-fcbc-451a-9705-37ce4893a06e,"San Francisco, CA",Master's Degree,c143e4c4-0444-45b9-b03f-31c48a310cd0,2025-03-18,Indeed
Katie Mckenzie,katiemckenzie@example.com,9,"['Java', 'Swift', 'Kotlin', 'Python', 'React Native', 'AWS', 'GCP', 'Azure', 'Git', 'Docker', 'Jenkins', 'Jira', 'MySQL', 'MongoDB', 'PostgreSQL']",6,b823daf8-4d51-4dd0-adcb-8f990e77dd40,5e801293-f233-4e61-acfc-07edc8525b78,b823daf8-4d51-4dd0-adcb-8f990e77dd40.pdf,"Katie Mckenzie is a highly experienced Staff Software Engineer with 9 years of experience in mobile app development, holding a PhD in Computer Science. Her background is strong in technical leadership and innovation, with a proven track record of launching top-rated apps on both iOS and Android platforms. She has experience with cloud-based infrastructure, having led the development of a cloud-based mobile app framework using React Native and AWS, resulting in a 30% reduction in development time and a 25% increase in app performance. Katie also has experience with scalable architecture, having designed and implemented a scalable architecture for a mobile gaming platform, handling over 1 million concurrent users and achieving a 99.99% uptime. Her skills align well with the job requirements, including proficiency in programming languages such as Java, Swift, Kotlin, and Python, as well as experience with cloud providers like AWS, GCP, and Azure. Additionally, she has experience with containerization technologies like Docker and container orchestration tools like Kubernetes. While her experience is more focused on mobile app development, her skills and background demonstrate a strong foundation in software development and cloud infrastructure, making her a good fit for the Senior Software Engineer position, despite not having direct experience in cloud infrastructure. Her ability to lead and mentor junior engineers, as well as her experience with technical vision and strategy, also make her a strong candidate for a senior role. Overall, Katie's strong technical background, leadership experience, and innovative approach make her a qualified candidate for the position.","Katie McKenzie presents a mixed profile for the Senior Software Engineer role. While she possesses a strong academic background with a Ph.D. in Computer Science and boasts 9 years of experience as a Staff Software Engineer, her expertise is heavily skewed towards mobile app development. Her resume showcases proficiency in React Native, iOS, and Android platforms, along with experience in AWS, hinting at cloud exposure. However, her experience leading the development of a cloud-based mobile app framework is not the same as managing or building cloud infrastructure from the ground up. The job description emphasizes designing, developing, and maintaining large-scale cloud-based systems, requiring a deeper understanding of cloud architecture, security, and networking fundamentals. Katie's skill set, while impressive for mobile development, lacks the specific depth in cloud infrastructure management, DevOps practices, and potentially, the necessary experience with infrastructure-as-code tools like Terraform or CloudFormation. Therefore, Llama's assessment of 6 out of 10 seems accurate; she's a talented engineer but not a direct fit for a senior role focused on cloud infrastructure.",6,6.0,Below threshold,b823daf8-4d51-4dd0-adcb-8f990e77dd40,"Chicago, IL",PhD,c143e4c4-0444-45b9-b03f-31c48a310cd0,2025-04-11,Referral
Jorge Padilla,jorgepadilla@example.com,3,"['Cloud Infrastructure', 'Backend Development', 'Node.js', 'Express', 'MongoDB', 'CI/CD Pipelines', 'Docker', 'Kubernetes']",6,710b3861-c06c-41bc-8df1-b05524abc855,e528bf36-6672-4a57-8c54-c7984fed1c98,710b3861-c06c-41bc-8df1-b05524abc855.pdf,"Jorge Padilla is a mid-level software engineer with a strong educational background, holding a PhD in Computer Science from the Massachusetts Institute of Technology. Although he falls short of the minimum 6 years of experience required for the Senior Software Engineer position, his experience in designing and developing scalable backend systems, proficiency in programming languages such as Python, JavaScript, and Java, and familiarity with cloud providers like AWS, GCP, and Azure make him a promising candidate. His projects, such as the real-time analytics platform and open-source contribution to a machine learning library, demonstrate his ability to work on complex systems and collaborate with others. However, his lack of direct experience with cloud infrastructure, containerization, and orchestration tools like Kubernetes may hinder his ability to make an immediate impact in the role. Additionally, his experience is more focused on backend development and data analytics, which may not perfectly align with the cloud infrastructure focus of the position. Nevertheless, his strong technical skills, passion for innovation, and proven track record of delivering high-impact projects make him a good fit for a junior or mid-level role in the company, and with additional training and experience, he could potentially grow into a senior position. Overall, I would rate Jorge a 6 out of 10, as he shows great potential but may require some development to meet the full requirements of the Senior Software Engineer role.","Jorge Padilla, while holding a PhD in Computer Science from MIT and possessing a strong foundation in backend development, data analytics, and familiarity with cloud providers, is not a strong candidate for a Senior Cloud Infrastructure Engineer role. Llama's 6/10 assessment is fair, but potentially generous. While his resume highlights proficiency in Python, Javascript, and Java, and exposure to AWS, GCP, and Azure, the core of his experience lies in designing and developing backend systems, not specifically cloud infrastructure. His 3 years of experience is less than the 6 required by the job description, and while the PhD and personal projects demonstrate intelligence and initiative, they don't compensate for the practical, hands-on experience required to excel in a *senior* role. His lack of direct experience with containerization technologies like Docker and Kubernetes, infrastructure-as-code tools like Terraform/CloudFormation, and cloud security principles is a significant drawback. While he could potentially contribute to a team with strong mentorship, his current skillset doesn't align with the responsibilities and expectations of a senior engineer in cloud infrastructure. He would need substantial training and practical experience in these critical areas before being able to significantly contribute to the team. Therefore, he might be a good fit for a more junior role, but not for the advertised position.",4,5.0,Below threshold,710b3861-c06c-41bc-8df1-b05524abc855,"Seattle, WA",PhD,c143e4c4-0444-45b9-b03f-31c48a310cd0,2025-05-05,Company Website
Luis Williams,luiswilliams@example.com,0,"['Java', 'Swift', 'React Native', 'AWS', 'GCP', 'Firebase', 'Git', 'Docker', 'Jenkins', 'GraphQL']",2,020bb618-c3f1-47b8-8a2d-a25879b01173,9643a5e3-9863-4ce5-853e-07813c06f17a,020bb618-c3f1-47b8-8a2d-a25879b01173.pdf,"Luis Williams is a highly unqualified candidate for the Senior Software Engineer position specializing in Cloud Infrastructure, with a background that lacks relevance and depth in the required skills and experience. Despite having a strong educational foundation with a B.S. in Computer Science and a GPA of 3.5/4.0, his experience is limited to a mobile app developer intern role and academic projects, which do not demonstrate the necessary expertise in cloud infrastructure, containerization, or orchestration. His technical skills, although diverse, are not tailored to the job requirements, with proficiency in Java, Swift, and React Native, but no mention of cloud providers, infrastructure as code tools, or monitoring and logging tools. Furthermore, his projects, such as the Expense Tracker App and Chatbot for Customer Support, do not showcase any significant experience with cloud infrastructure or related technologies. Overall, Luis's lack of relevant experience, skills, and qualifications makes him a poor fit for this role, and he would require significant training and development to meet the job requirements, making him a 2 out of 10 candidate.","Luis Williams, a recent Computer Science graduate, possesses a skillset heavily skewed towards mobile application development with proficiency in Java, Swift, and React Native. While he demonstrates experience in designing and developing mobile applications through internships and academic projects, his resume lacks any substantial exposure to cloud infrastructure technologies, DevOps practices, or networking fundamentals. His technical skills, though relevant to software development in general, do not align with the specific requirements of a Senior Cloud Infrastructure Engineer, as there's no mention of cloud providers like AWS, Azure, or GCP, infrastructure-as-code tools like Terraform or CloudFormation, containerization technologies beyond Docker, or monitoring and logging tools. His projects, focused on expense tracking and customer support chatbots, fail to showcase any significant experience with cloud architecture, scalability, security, or automation, making him fundamentally unqualified for a senior-level role demanding expertise in these areas. Llama's assessment of 2 out of 10 is accurate, as his experience is too junior and too focused on mobile app development rather than cloud infrastructure. The job description requires 6 years of experience in cloud infrastructure, and he has none.",3,2.5,Below threshold,020bb618-c3f1-47b8-8a2d-a25879b01173,"San Francisco, CA",Bachelor's Degree,c143e4c4-0444-45b9-b03f-31c48a310cd0,2025-03-18,Referral
Brian Flores,brianflores@example.com,0,"['JavaScript', 'HTML', 'CSS', 'React', 'Angular', 'Vue.js', 'Git', 'Webpack', 'Babel']",2,6160ec22-4d63-4a89-89e1-4bf8089bc2d2,c7dfa781-d13f-4f94-9a72-1e04fde304fb,6160ec22-4d63-4a89-89e1-4bf8089bc2d2.pdf,"This candidate, Brian Flores, is a recent graduate with a strong foundation in frontend development, but unfortunately, his background and skills do not align with the requirements of the Senior Software Engineer position in Cloud Infrastructure. With only a few months of internship experience and some personal projects, he lacks the necessary depth and breadth of experience in cloud infrastructure, having no mention of relevant technologies such as AWS, Azure, GCP, Docker, or Kubernetes. His skills are primarily focused on frontend development, with proficiency in JavaScript, HTML, CSS, and React, which, although valuable, do not meet the needs of a cloud infrastructure role. Furthermore, his projects, such as a personal website and a to-do list app, do not demonstrate the complexity and scalability required for a senior software engineer position. Overall, Brian's limited experience, lack of relevant skills, and focus on frontend development make him a poor fit for this role, and I would rate him a 2 out of 10, indicating that he requires significant development and experience before being considered for a senior software engineer position in cloud infrastructure.","Brian Flores is a recent Computer Science graduate with a focus on frontend development, as evidenced by his internship at VantaLabs and personal projects involving React, HTML, CSS, and JavaScript. While he demonstrates proficiency in these areas, including cross-browser compatibility and UI component library implementation, his resume lacks any experience in cloud infrastructure, DevOps tools, or backend technologies crucial for the Senior Software Engineer role. He has no mention of cloud providers like AWS, Azure, or GCP, nor any experience with containerization technologies like Docker or Kubernetes. Given the job requirements emphasizing cloud infrastructure design, deployment, and maintenance, as well as the team's need for expertise in networking, monitoring, and security, Llama's assessment of 2 out of 10 is accurate. Despite Flores's frontend skills, the absence of relevant cloud experience makes him a poor fit for this position, requiring significant development in the specific technical areas outlined in the job description. Meeting the year minimum of 6 years should not be a huge determinant of a person's assessment; it cane be made up via projects/experience.",1,1.5,Below threshold,6160ec22-4d63-4a89-89e1-4bf8089bc2d2,"Austin, TX",Bachelor's Degree,c143e4c4-0444-45b9-b03f-31c48a310cd0,2025-03-24,LinkedIn
Jennifer Rodriguez,jenniferrodriguez@example.com,0,"['Python', 'Java', 'C++', 'TensorFlow', 'PyTorch', 'Keras', 'AWS', 'GCP', 'Azure', 'Git', 'Docker', 'Jenkins']",2,f7d40321-23cb-4287-9918-0bb96bec9a01,eef11c20-6ee7-46d9-9f2a-4aca466d07dd,f7d40321-23cb-4287-9918-0bb96bec9a01.pdf,"This candidate, Jennifer Rodriguez, is a recent graduate with a Master's degree in Computer Science and a specialization in AI/ML, but unfortunately, she falls short of the requirements for the Senior Software Engineer position in Cloud Infrastructure. With only 1 year of experience as a Research Assistant and no direct experience in cloud infrastructure, she lacks the necessary depth and breadth of knowledge in cloud computing, networking, and software development. Her skills in machine learning, deep learning, and natural language processing are impressive, but not directly applicable to the cloud infrastructure role. Additionally, her experience is mostly limited to academic projects and research, with no clear evidence of hands-on experience with cloud providers, containerization, or orchestration tools. While she has a strong educational background and some relevant technical skills, she would require significant training and mentorship to fill the gaps in her knowledge and experience, making her a less competitive candidate for this senior role. Overall, Jennifer's background and skills are not a good fit for this position, and she would be better suited for an entry-level or junior role where she can continue to learn and grow.","Jennifer Rodriguez, a recent graduate with a Master's degree in Computer Science specializing in AI/ML, presents a profile that is misaligned with the requirements of a Senior Cloud Infrastructure Engineer role. While her academic achievements, including published research and a strong GPA, are commendable, her practical experience is limited to a single year as a Research Assistant and academic projects. Her skill set heavily leans towards machine learning, deep learning, and natural language processing, which, while valuable in other contexts, doesn't directly translate to the core responsibilities of designing, developing, and maintaining large-scale cloud-based systems. Despite her experience with tools like Docker and cloud platforms like AWS, her lack of hands-on experience with infrastructure-as-code tools, networking fundamentals, cloud security, and the required years of relevant experience makes her unsuitable for a senior role demanding expertise in cloud infrastructure. While she demonstrates a solid grasp of theoretical concepts and some familiarity with relevant tools, she lacks the practical experience and in-depth knowledge necessary to contribute effectively to the team's goals. Therefore, Llama's assessment of 2/10 is correct, as Jennifer's skillset does not match the job description.",3,2.5,Below threshold,f7d40321-23cb-4287-9918-0bb96bec9a01,"Chicago, IL",Master's Degree,c143e4c4-0444-45b9-b03f-31c48a310cd0,2025-03-26,Indeed
Jason Wilcox,jasonwilcox@example.com,2,"['JavaScript', 'HTML', 'CSS', 'React', 'Angular', 'Vue.js', 'AWS', 'GCP', 'Azure', 'Git', 'Docker', 'Jenkins', 'MongoDB', 'MySQL', 'PostgreSQL']",2,1e7017b4-a109-4468-a048-cc2c032593ce,02d1f5e2-85ff-4e7c-863e-b4f406d92c46,1e7017b4-a109-4468-a048-cc2c032593ce.pdf,"This candidate, Jason Wilcox, is a highly unqualified applicant for the Senior Software Engineer position specializing in Cloud Infrastructure. With only 2 years of experience in frontend development, he lacks the minimum 6 years of experience required for the role, and his background is not aligned with the job's focus on cloud infrastructure. His skills in JavaScript, HTML, CSS, and experience with React and Angular are not relevant to the position's requirements, which include proficiency in programming languages like Java, Python, or C++, and experience with cloud providers such as AWS, Azure, or GCP. Furthermore, his projects, such as building a personal website and a to-do list app, do not demonstrate the complexity and scalability required for a senior software engineer role in cloud infrastructure. While he has a strong educational background with a Master's degree in Computer Science from Stanford University, his lack of relevant experience and skills makes him a poor fit for this position. Overall, Jason's application does not demonstrate the necessary expertise, experience, or skills to succeed in this role, and he would not be a competitive candidate for the position.","Jason Wilcox is an entry-level frontend developer with two years of experience, primarily focused on building responsive UI components using React, Angular, and JavaScript. While he possesses a Master's degree in Computer Science from Stanford, his practical experience is heavily skewed towards frontend technologies and lacks the necessary depth in cloud infrastructure, backend development, and systems engineering to be a viable candidate for a *Senior* Software Engineer specializing in Cloud Infrastructure. He also lacks experience with key technologies for this specific role such as Java, Python, or C++, as well as cloud providers such as AWS, Azure, or GCP. Llama's assessment of 2/10 is accurate; Jason's skillset and experience are misaligned with the job requirements, and even his personal projects don't demonstrate the scale or complexity expected for a senior-level infrastructure role. His resume reads like a typical web developer, not a cloud infrastructure engineer.",3,2.5,Below threshold,1e7017b4-a109-4468-a048-cc2c032593ce,"Austin, TX",Master's Degree,c143e4c4-0444-45b9-b03f-31c48a310cd0,2025-04-04,Campus Recruiting
John Willis,johnwillis@example.com,3,"['Big Data', 'Spark', 'Java', 'Python', 'Scala', 'AWS', 'GCP', 'Git', 'Docker', 'Jenkins']",4,2f5a570e-0250-43d9-8907-654b353eda11,088464ad-4daa-4fb3-973d-59c05dfe7cb4,2f5a570e-0250-43d9-8907-654b353eda11.pdf,"John Willis is a mid-level software engineer with 3 years of experience, primarily focused on big data and optimized Spark jobs for large datasets. While he has a strong educational background, holding a Master's degree in Computer Science from Stanford University, his experience and skills do not align well with the requirements of the Senior Software Engineer position in Cloud Infrastructure. His background is more geared towards data engineering, with expertise in Apache Hive, HBase, and Spark, rather than cloud infrastructure, containerization, and orchestration. Although he has some experience with cloud providers, such as AWS, his skills in this area are limited, and he lacks experience with key technologies like Kubernetes, Docker, and Terraform. Furthermore, his project experience, while impressive in the context of data engineering, does not demonstrate the requisite skills and knowledge for a senior software engineer role in cloud infrastructure. Overall, John is not a strong fit for this position, as he would require significant training and upskilling to meet the job requirements, and his current skills and experience are not sufficient to make him a competitive candidate.","John Willis, with his Master's degree in Computer Science from Stanford, possesses a strong academic foundation but falls short of the requirements for a Senior Software Engineer role focused on Cloud Infrastructure. His 3 years of experience are primarily geared toward Big Data, with a specialization in optimizing Spark jobs. While this background includes some exposure to cloud providers like AWS, it lacks the depth and breadth needed for the target position. He has no experience with containerization technologies like Docker, container orchestration tools like Kubernetes, or infrastructure-as-code tools like Terraform, essential components of modern cloud infrastructure. The team summary highlights a need for networking fundamentals, monitoring and logging, infrastructure as code, cloud security, and agile development methodologies, areas where John's resume is silent. He is more data engineer than infrastructure engineer, and his project experience, while impressive in the data realm, does not translate well to the demands of designing, deploying, and maintaining large-scale cloud systems. LLama's assessment of 4/10 is accurate; John is a mid-level data engineer who would require significant upskilling and a career pivot to effectively contribute to a senior cloud infrastructure role.",4,4.0,Below threshold,2f5a570e-0250-43d9-8907-654b353eda11,"Seattle, WA",Master's Degree,c143e4c4-0444-45b9-b03f-31c48a310cd0,2025-04-12,Referral
Melissa Whitaker,melissawhitaker@example.com,0,"['JavaScript', 'HTML', 'CSS', 'React', 'Angular', 'Vue.js', 'Git', 'Jest', 'Enzyme', 'Selenium']",2,efa1bfc1-cf6d-4b18-9ca8-d7c4bc90efca,e455844b-ce40-497d-ac0d-a942f9dda58f,efa1bfc1-cf6d-4b18-9ca8-d7c4bc90efca.pdf,"This candidate, Melissa Whitaker, is a recent graduate with a Master's degree in Computer Science, but unfortunately, her background and skills do not align well with the requirements of the Senior Software Engineer position in Cloud Infrastructure. Despite having a strong educational foundation, her experience is limited to frontend development and personal projects, with no clear evidence of expertise in cloud infrastructure, containerization, or DevOps. Her technical skills are primarily focused on JavaScript, HTML, CSS, and frontend frameworks like React, Angular, and Vue.js, which are not directly relevant to the role. Furthermore, she lacks experience with cloud providers, containerization technologies, and infrastructure as code tools, making her a poor fit for the position. While she has demonstrated some proficiency in developing responsive web applications and contributing to open-source projects, these skills do not translate to the complex cloud infrastructure requirements of the role. Overall, Melissa's lack of relevant experience, skills, and expertise make her an unqualified candidate for the Senior Software Engineer position, and she would require significant training and development to be considered for the role.","Melissa Whitaker is a recent Computer Science graduate with a Master's degree and a focus on frontend development, making her a decidedly poor fit for a Senior Cloud Infrastructure Engineer role. Her experience is primarily in building responsive web applications using frontend frameworks like React, Angular, and Vue.js, with some exposure to testing tools like Jest and Enzyme. While she demonstrates proficiency in JavaScript, HTML, and CSS, and has built personal projects, she lacks any discernible experience in cloud infrastructure, containerization, DevOps, or backend development, all of which are critical for the position. Furthermore, her lack of familiarity with cloud providers (AWS, Azure, GCP), infrastructure-as-code tools (Terraform, CloudFormation), and networking fundamentals makes her an unqualified candidate for a senior-level role in this domain, regardless of her academic achievements. Llama's assessment of 2/10 is accurate; she would require extensive training and a complete career shift to become suitable for this position. The team is also missing skills and needs in the areas where Melissa is lacking.",3,2.5,Below threshold,efa1bfc1-cf6d-4b18-9ca8-d7c4bc90efca,"Chicago, IL",Master's Degree,c143e4c4-0444-45b9-b03f-31c48a310cd0,2025-03-25,LinkedIn
Cristian Shaffer,cristianshaffer@example.com,8,"['Java', 'Python', 'Scala', 'Apache Spark', 'Apache Beam', 'Apache Kafka', 'AWS', 'GCP', 'Azure', 'Git', 'Docker', 'Jenkins', 'HBase', 'Cassandra', 'Amazon Redshift']",6,7482a256-60c3-4194-9d22-20d5004e3bd9,8193e21d-e13c-48d2-8637-c4a17b17ce59,7482a256-60c3-4194-9d22-20d5004e3bd9.pdf,"Cristian Shaffer is a highly experienced Senior Software Engineer with a strong background in Big Data, specializing in optimizing Spark jobs for large datasets and delivering scalable data processing solutions. With 8 years of experience, he has demonstrated a proven track record of driving technical direction and ensuring the scalability, reliability, and security of systems. His technical skills align well with the requirements of the role, including proficiency in Java, Python, and Scala, as well as experience with Apache Spark, Apache Beam, and Apache Kafka. Additionally, he has experience with cloud providers, including AWS, GCP, and Azure, and has worked with containerization technologies like Docker. Cristian's achievements, such as leading the development of a real-time data analytics platform and designing a data warehousing solution, demonstrate his ability to deliver impactful results and drive improvements in efficiency and performance. His experience mentoring junior engineers and contributing to open-source projects also highlights his leadership potential and commitment to knowledge sharing. Overall, Cristian is a strong fit for the Senior Software Engineer role, bringing a unique combination of technical expertise, leadership skills, and experience in cloud infrastructure, big data, and software development, making him a valuable asset to the team.","Cristian Shaffer presents a mixed profile for this Senior Software Engineer role. While he boasts 8 years of experience, exceeding the minimum requirement, his expertise is heavily skewed towards Big Data and Spark optimization, which isn't the primary focus of the job description. His resume showcases proficiency in Java, Python, and Scala, along with experience in AWS, GCP, and Azure, demonstrating familiarity with cloud providers. However, the lack of explicit mention of key cloud infrastructure tools like Terraform, CloudFormation, or Ansible, and the absence of direct experience with container orchestration tools like Kubernetes, raises concerns about his suitability. While he has experience with Docker, the resume does not highlight experience with container orchestration, which is a major requirement. Although Cristian's contributions to real-time analytics platforms and data warehousing solutions are commendable, they don't directly translate into the cloud infrastructure design, deployment, and maintenance skills emphasized in the job description. As such, Llama's assessment of 6/10 seems accurate, as while he has a strong background, it is not specifically tailored to the core requirements of this role.",7,6.5,Below threshold,7482a256-60c3-4194-9d22-20d5004e3bd9,"Chicago, IL",Bachelor's Degree,c143e4c4-0444-45b9-b03f-31c48a310cd0,2025-04-12,Referral
Nancy Williams,nancywilliams@example.com,0,"['Java', 'Swift', 'Python', 'React Native', 'Flutter', 'TensorFlow', 'AWS', 'Google Cloud', 'Azure', 'Git', 'Docker', 'Jenkins']",2,6bb27c30-c569-4050-8394-ebe1fd23df4f,82fab81e-1b6f-4031-9f50-01a81e49d471,6bb27c30-c569-4050-8394-ebe1fd23df4f.pdf,"Nancy Williams is a highly unqualified candidate for the Senior Software Engineer position specializing in Cloud Infrastructure, with a background that is almost entirely unrelated to the requirements of the job. Despite holding a PhD in Computer Science, her experience and skills are focused on mobile app development, with no mention of cloud infrastructure, containerization, or relevant programming languages such as Java, Python, or C++. Her projects and experience, including designing and developing mobile apps using React Native and Flutter, and contributing to an open-source mobile app for sensor data collection, demonstrate a strong proficiency in mobile development, but offer no evidence of her ability to design, develop, and maintain large-scale cloud-based systems. Furthermore, her technical skills, which include languages such as Java, Swift, and Python, and frameworks like React Native and Flutter, are not aligned with the requirements of the position, which demands expertise in cloud providers like AWS, Azure, or GCP, and experience with containerization technologies like Docker and Kubernetes. Overall, Nancy's lack of relevant experience, skills, and knowledge make her a poor fit for this role, and she would require significant training and development to meet the minimum requirements of the position.","Nancy Williams is a recent PhD graduate with a strong foundation in mobile app development, but possesses virtually none of the skills or experience required for a Senior Cloud Infrastructure Engineer role. Her expertise lies in areas like React Native, Flutter, and mobile-based AI applications, which are misaligned with the job's focus on designing and maintaining large-scale cloud systems. While she lists Python as a technical skill, her experience doesn't demonstrate its application in cloud infrastructure contexts. More importantly, she lacks experience with core cloud technologies like AWS, Azure, or GCP, containerization tools like Docker and Kubernetes, and infrastructure-as-code tools like Terraform or CloudFormation, all of which are essential for the role. Despite her impressive academic achievements, her lack of practical experience in cloud infrastructure makes her a poor fit, and Llama's assessment of 2/10 appears accurate. Even if she has side projects, the resume does not reflect this. She would be a better fit for a mobile application development role.",3,2.5,Below threshold,6bb27c30-c569-4050-8394-ebe1fd23df4f,"Austin, TX",PhD,c143e4c4-0444-45b9-b03f-31c48a310cd0,2025-03-24,Indeed
Heather Turner,heatherturner@example.com,0,"['Cloud Computing', 'AWS', 'Azure', 'Python', 'Java', 'Docker', 'Kubernetes']",2,54b6eac4-c94c-4644-9da5-2aae116dc79d,4ded6c15-0a92-4bed-b856-ff3426789c99,54b6eac4-c94c-4644-9da5-2aae116dc79d.pdf,"Heather Turner is a recent graduate with a strong background in cloud computing, but unfortunately, she lacks the minimum 6 years of experience required for the Senior Software Engineer position. Despite this, she has demonstrated proficiency in Python and Java, and has experience with AWS and Azure, which are valuable skills for the role. However, her experience is mostly limited to academic projects and internships, and she lacks the depth of knowledge and hands-on experience required for a senior role. For example, she designed and deployed a scalable cloud architecture using AWS EC2 and S3, but it's unclear if she has experience with more complex cloud infrastructure designs or if she has worked with larger teams. Additionally, while she has contributed to open-source projects and has experience with Git and GitHub, her overall experience and skills are not yet at the level required for a senior software engineer position. Therefore, I would rate her a 2 out of 10, as she is not yet qualified for the position, but shows promise and potential for future growth and development. With more experience and project work, she may become a stronger candidate in the future.","Heather Turner, a recent Computer Science graduate from the University of Toronto, presents a profile brimming with potential but currently lacking the depth of experience required for a Senior Software Engineer specializing in Cloud Infrastructure. While her resume showcases a strong academic foundation with a 3.7 GPA and relevant coursework in Cloud Computing and Machine Learning, her professional experience is limited to a summer internship and teaching assistant roles. She demonstrates proficiency in Python and Java, and has hands-on experience with AWS and Azure services, as evidenced by her project designing a scalable cloud architecture and a cloud-based chatbot. However, her contributions appear to be largely project-based and lack the proven track record of designing, deploying, and maintaining large-scale cloud infrastructure in a production environment. She also lacks experience with infrastructure as code tools such as Terraform and CloudFormation, and is missing networking fundamentals. LLama's assessment of 2/10 is correct, and her profile is more in line with a junior engineer or a recent graduate with a strong interest in cloud computing.",3,2.5,Below threshold,54b6eac4-c94c-4644-9da5-2aae116dc79d,"New York, NY",Bachelor's Degree,c143e4c4-0444-45b9-b03f-31c48a310cd0,2025-04-05,Indeed
Jerry Fisher,jerryfishermd@example.com,0,"['Java', 'Python', 'Scala', 'Apache Spark', 'Hadoop', 'Apache Flink', 'Git', 'Docker', 'Jenkins', 'MongoDB', 'Cassandra', 'HBase', 'Linux', 'Windows', 'macOS']",2,0c7c3c76-f39f-4068-8dc2-e89672acf5d8,7718ad59-8015-4d16-9364-71570b334bbb,0c7c3c76-f39f-4068-8dc2-e89672acf5d8.pdf,"This candidate, Jerry Fisher, is a recent graduate with a strong foundation in Big Data and distributed computing, but unfortunately, he lacks the requisite experience and skills to be a strong fit for the Senior Software Engineer position in Cloud Infrastructure. Despite his impressive academic achievements and personal projects, such as designing and developing a scalable data processing pipeline using Apache Spark and Hadoop, his resume does not demonstrate the necessary depth and breadth of experience in cloud infrastructure, containerization, and orchestration. Specifically, he lacks experience with cloud providers like AWS, Azure, or GCP, and his skills in programming languages like Java, Python, or C++ are not explicitly highlighted. Moreover, his experience is primarily limited to academic projects and personal endeavors, which, although impressive, do not equate to the level of expertise and responsibility required for a senior software engineer role. Therefore, I would rate him a 2 out of 10, as he requires significant development and experience to be considered a viable candidate for this position. However, his strong academic background and personal projects suggest that he may be a good fit for an entry-level or junior software engineer role, where he can continue to learn and grow under the guidance of more experienced professionals.","Jerry Fisher, a recent Computer Science graduate with a 3.5 GPA, possesses a theoretical understanding of Big Data and distributed computing, demonstrated through academic projects involving Apache Spark, Hadoop, and data visualization with Tableau. While he showcases the ability to design scalable data processing pipelines and integrate diverse data sources, his resume lacks professional experience in cloud infrastructure, containerization, or specific cloud provider environments like AWS, Azure, or GCP. He demonstrates a familiarity with programming languages like Java, Python, and Scala, and tools like Docker and Jenkins, but these skills are presented in the context of academic projects rather than practical, real-world application within a cloud infrastructure setting. Llama's assessment of 2/10 is accurate. Despite his strong academic foundation, Jerry's lack of practical experience in cloud infrastructure, security, and deployment orchestration makes him unsuitable for a senior role. The job description specifically requires experience in cloud providers, containerization technologies, and a strong understanding of cloud security, none of which are sufficiently demonstrated in his resume beyond a conceptual level. While his skills could potentially be transferable to an entry-level position, the gap between his current capabilities and the requirements of a Senior Software Engineer specializing in Cloud Infrastructure is too significant to overlook.",2,2.0,Below threshold,0c7c3c76-f39f-4068-8dc2-e89672acf5d8,"Austin, TX",Bachelor's Degree,c143e4c4-0444-45b9-b03f-31c48a310cd0,2025-04-16,LinkedIn
Stephen Hunt,stephenhunt@example.com,0,"['HTML', 'CSS', 'JavaScript', 'React', 'Angular', 'AWS', 'GCP', 'Git', 'GitHub', 'Jenkins', 'MongoDB', 'MySQL', 'Windows', 'Linux', 'macOS', 'Chrome', 'Firefox', 'Safari']",2,f3dcc8de-5ce1-4b90-a6b8-5c9d6b5ab8c7,130a4944-671d-4238-a098-818d7288c763,f3dcc8de-5ce1-4b90-a6b8-5c9d6b5ab8c7.pdf,"This candidate, Stephen Hunt, is a new graduate with a PhD in Computer Science, specializing in frontend development and cross-browser compatibility, which makes him a poor fit for the Senior Software Engineer position in Cloud Infrastructure. Despite his strong educational background, his skills and experience are not aligned with the requirements of the role, as he lacks experience in cloud infrastructure, containerization, and orchestration. His proficiency in HTML, CSS, and JavaScript, as well as his experience with React and Angular, are not directly relevant to the position, and his projects, such as building a personal website and a to-do list app, do not demonstrate the necessary expertise in cloud infrastructure. Furthermore, his resume does not show any experience with cloud providers, such as AWS, Azure, or GCP, or with containerization technologies like Docker, or container orchestration tools like Kubernetes, which are essential skills for the position. Overall, while Stephen may have potential as a frontend developer, he is not a strong candidate for this Senior Software Engineer role in Cloud Infrastructure, and would require significant training and experience to be considered qualified.","Stephen Hunt, a recent Computer Science PhD graduate from Stanford, possesses a strong academic foundation, but his resume reveals a stark mismatch with the requirements of a Senior Cloud Infrastructure Engineer role. His expertise lies predominantly in frontend development, with proficiency in HTML, CSS, JavaScript, React, and Angular. While he demonstrates experience in building responsive web applications and ensuring cross-browser compatibility, his resume lacks any substantial evidence of hands-on experience with cloud providers (AWS, Azure, GCP), containerization technologies (Docker), orchestration tools (Kubernetes), or infrastructure-as-code tools (Terraform, CloudFormation). Despite listing AWS and GCP under ""Technical Skills,"" there's no practical application or project demonstrating cloud infrastructure experience, which is a critical deficiency. Given the senior-level expectations of the role, which include designing and deploying large-scale cloud-based systems, participating in on-call rotations, and mentoring junior engineers, Stephen's skillset is far too specialized and lacks the breadth of knowledge required for the position. Therefore, Llama's assessment of 2/10 is valid. While his strong educational background and software engineering skills could make him a valuable frontend developer, he needs significant training and experience in cloud infrastructure to be considered for this role.",1,1.5,Below threshold,f3dcc8de-5ce1-4b90-a6b8-5c9d6b5ab8c7,"San Francisco, CA",PhD,c143e4c4-0444-45b9-b03f-31c48a310cd0,2025-05-02,Company Website
Jennifer Haas,jenniferhaas@example.com,0,"['Java', 'Python', 'JavaScript', 'AWS', 'GCP', 'Azure', 'Git', 'Docker', 'Kubernetes', 'MySQL', 'PostgreSQL', 'MongoDB']",2,da26a5b3-05ca-4e3d-b96c-dfecf5ed1e23,9270d3b2-dcbf-4400-86e6-9ca9416cfcca,da26a5b3-05ca-4e3d-b96c-dfecf5ed1e23.pdf,"This candidate, Jennifer Haas, is a new-graduate software engineer with a strong foundation in backend development and microservice architecture, but unfortunately, she falls short of the requirements for the Senior Software Engineer position in Cloud Infrastructure. Despite her impressive academic background, including a Master's degree in Computer Science from Stanford University, her experience is limited to a summer internship and personal projects, which, although impressive, do not demonstrate the level of maturity and expertise required for a senior role. Her skills in Java, Python, and JavaScript are notable, but she lacks experience with cloud providers, containerization technologies, and infrastructure as code tools, which are essential for this position. Furthermore, her resume does not demonstrate a strong understanding of cloud security, compliance, and governance principles, or experience with agile development methodologies, which are critical for success in this role. While she shows promise and potential, she would benefit from more experience and training before being considered for a senior position, and therefore, I would rate her a 2 out of 10 in terms of her fit for this role.","Jennifer Haas, a recent Computer Science graduate from Stanford, presents a profile brimming with academic promise but significantly lacking in the practical experience required for a Senior Software Engineer role specializing in Cloud Infrastructure. While her resume showcases proficiency in relevant programming languages like Java, Python, and JavaScript, and highlights projects involving microservice architecture, containerization with Docker, and orchestration with Kubernetes, these are primarily academic or personal endeavors. The role demands a seasoned professional with a demonstrated history of designing, developing, and deploying large-scale cloud-based systems, possessing a strong understanding of cloud security, compliance, and governance, and experience with infrastructure-as-code tools. Jennifer's single internship and personal projects, while impressive for a new graduate, do not equate to the 6+ years of professional experience and depth of expertise necessary to tackle the responsibilities outlined in the job description, particularly in a senior capacity. Therefore, Llama's assessment of 2/10 is accurate, as while she has the skills, she needs a lot more practical experience to even be considered for this role.",3,2.5,Below threshold,da26a5b3-05ca-4e3d-b96c-dfecf5ed1e23,"Seattle, WA",Master's Degree,c143e4c4-0444-45b9-b03f-31c48a310cd0,2025-03-18,Company Website
Timothy Foster,timothyfoster@example.com,0,"['Python', 'Java', 'JavaScript', 'Django', 'React', 'Flask', 'AWS', 'GCP', 'Git', 'Docker', 'Jenkins', 'PostgreSQL', 'MongoDB', 'Linux', 'macOS']",2,29390976-dcef-4922-b710-4f195f444b7c,4e04a7a1-31fd-48bd-bbd6-9648f766aca5,29390976-dcef-4922-b710-4f195f444b7c.pdf,"This candidate, Timothy Foster, is a new graduate with a strong foundation in backend development, but unfortunately, he lacks the necessary experience and skills to be a good fit for the Senior Software Engineer position specializing in Cloud Infrastructure. With only a few months of internship experience and some personal projects, he falls short of the minimum 6 years of experience required for the role. Although he has a proven track record as an award-winning coder in hackathons and has contributed to open-source projects, his skills and experience are not aligned with the job requirements. He lacks experience with cloud infrastructure, containerization, and orchestration, which are critical skills for this position. Additionally, his project experience, such as designing and developing a personal website using React and Node.js, and building a simple chatbot using Python and NLTK, although impressive for a new graduate, do not demonstrate the level of complexity and scalability required for a senior software engineer role. Overall, while Timothy shows promise as a junior developer, he is not a good fit for this senior position, and it would be beneficial for him to gain more experience and build his skills in cloud infrastructure, containerization, and orchestration before applying for a senior role.","Timothy Foster, a recent Computer Science graduate, presents a profile heavily skewed towards academic projects and internships rather than professional cloud infrastructure experience. While his resume showcases proficiency in backend development with skills like Python, Java, Django, and React, his experience is limited to a single summer internship and personal projects. His projects, such as a personal website and a chatbot, demonstrate a basic understanding of web development and scripting, but lack the depth and scale required for a senior cloud infrastructure role. He does show some familiarity with cloud platforms like AWS and GCP, but his resume doesn't demonstrate hands-on experience with core cloud infrastructure components like containerization, orchestration, networking, or security.

Llama's assessment of 2/10 is unfortunately accurate. While Timothy possesses a solid foundation and shows promise as a junior developer, he's significantly underqualified for a *Senior* Software Engineer role. The job description clearly calls for a minimum of 6 years of experience with a focus on cloud infrastructure, which Timothy simply doesn't have. Even if we heavily weigh his personal projects and internship experience, they don't compensate for the lack of real-world, production-level cloud infrastructure management. While his enthusiasm and academic achievements are commendable, the gap between his current skill set and the requirements of the position is too large to bridge without substantial on-the-job training and experience, which is not the purpose of a senior position.",3,2.5,Below threshold,29390976-dcef-4922-b710-4f195f444b7c,"Chicago, IL",Bachelor's Degree,c143e4c4-0444-45b9-b03f-31c48a310cd0,2025-04-07,Indeed
Michael Hernandez,michaelhernandez@example.com,0,"['Python', 'Java', 'C++', 'PyTorch', 'TensorFlow', 'Keras', 'AWS', 'GCP', 'Azure', 'Git', 'Docker', 'Jenkins']",2,8829c16f-dba9-4632-81b5-b6bd841dc81c,56716e47-f3a5-44af-9105-4ef89e90ddaa,8829c16f-dba9-4632-81b5-b6bd841dc81c.pdf,"This candidate, Michael Hernandez, is a recent graduate with a Master's degree in Computer Science, specializing in AI/ML, but unfortunately, his background and skills do not align well with the requirements of the Senior Software Engineer position in Cloud Infrastructure. Despite his strong academic foundation, his experience is largely focused on AI/ML and machine learning frameworks, such as PyTorch and TensorFlow, with no clear evidence of hands-on experience with cloud infrastructure, containerization, or orchestration technologies. His projects, such as the Deep Learning-Based Chatbot and Image Classification Model, demonstrate his proficiency in AI/ML, but do not showcase the necessary skills for a cloud infrastructure role. Furthermore, his technical skills, although impressive in the AI/ML domain, do not meet the requirements of the position, which demands expertise in cloud providers, such as AWS, Azure, or GCP, as well as experience with containerization technologies, like Docker, and container orchestration tools, like Kubernetes. Overall, while Michael shows promise as a junior engineer in the AI/ML space, he lacks the necessary experience, skills, and qualifications to be considered a strong fit for this Senior Software Engineer position in Cloud Infrastructure, warranting a score of 2 out of 10.","Michael Hernandez is a recent graduate with a Master's degree in Computer Science specializing in AI/ML. His resume highlights projects and experience primarily focused on deep learning frameworks like PyTorch and TensorFlow, showcasing skills in areas like predictive maintenance, image segmentation, and chatbot development. While he lists AWS, GCP, and Azure under ""Cloud"" in his technical skills section, there's no demonstrable experience or projects that show a practical understanding or application of these cloud platforms in an infrastructure context. He lacks experience with key cloud infrastructure tools like Terraform, CloudFormation, or container orchestration technologies like Kubernetes, which are crucial for this Senior Software Engineer role. Given the job description's emphasis on cloud infrastructure design, deployment, and maintenance, and the existing team's need for skills in networking, monitoring, and infrastructure as code, Llama's assessment of 2 out of 10 is accurate. Michael's expertise lies predominantly in AI/ML, making him a poor fit for a senior role focused on cloud infrastructure, regardless of whether he is able to make up for the year minimum.",3,2.5,Below threshold,8829c16f-dba9-4632-81b5-b6bd841dc81c,"Chicago, IL",Master's Degree,c143e4c4-0444-45b9-b03f-31c48a310cd0,2025-04-22,Referral
Corey Mccoy,coreymccoydds@example.com,3,"['Java', 'Swift', 'Kotlin', 'JavaScript', 'AWS', 'GCP', 'Azure', 'Git', 'Docker', 'Jenkins', 'Firebase']",2,7fd0003c-36e5-4bd4-9b64-5381c378cc79,3546e825-1420-4d97-b70b-8056aa0e0cd7,7fd0003c-36e5-4bd4-9b64-5381c378cc79.pdf,"Corey Mccoy is a mid-level software engineer with 3 years of experience, primarily focused on mobile app development with a strong emphasis on performance and battery optimization. His background and skills, although impressive in the mobile app domain, do not align well with the requirements of a Senior Software Engineer specializing in Cloud Infrastructure. His experience is largely centered around Java, Swift, and Kotlin, with some exposure to cloud platforms like AWS, GCP, and Azure, but the depth of his knowledge in cloud infrastructure, containerization, and orchestration is unclear. Furthermore, his projects and experience do not demonstrate the level of complexity, scalability, and expertise required for a senior role in cloud infrastructure. While he has shown proficiency in optimizing battery consumption and improving app performance, these skills, although valuable, do not directly translate to the needs of a cloud infrastructure team. Overall, Corey's background and skills make him a poor fit for this specific role, as he lacks the necessary experience, depth of knowledge, and expertise in cloud infrastructure to excel as a Senior Software Engineer in this domain.","Corey Mccoy is a mid-level software engineer with 3 years of experience, primarily focused on mobile app development. His skills are heavily centered around mobile app languages like Java, Swift, and Kotlin. While he has some exposure to cloud platforms (AWS, GCP, Azure), his experience lacks the depth and focus required for a senior cloud infrastructure role. His resume doesn't showcase expertise in areas critical to this role such as infrastructure as code (Terraform, CloudFormation), container orchestration (Kubernetes), advanced networking concepts, or cloud security best practices. His focus on mobile app performance and battery optimization, while valuable, is not directly transferable to the challenges of designing, deploying, and maintaining large-scale cloud infrastructure. Therefore, Llama's assessment of a 2 out of 10 appears to be accurate; Corey's skill set doesn't align well with the requirements of this specific senior cloud infrastructure engineering position, making him a poor fit despite his mobile development expertise.",3,2.5,Below threshold,7fd0003c-36e5-4bd4-9b64-5381c378cc79,"Chicago, IL",Master's Degree,c143e4c4-0444-45b9-b03f-31c48a310cd0,2025-03-18,Indeed
Terri Schwartz,terrischwartz@example.com,1,"['Python', 'Java', 'C++', 'Cloud', 'AWS', 'GCP', 'Git', 'Docker', 'Jenkins', 'MySQL', 'MongoDB', 'Linux', 'macOS']",2,b2d14db6-e1c2-4156-885e-309671cdd52e,053f2da9-8a00-4da3-98a5-b6f0b7338e04,b2d14db6-e1c2-4156-885e-309671cdd52e.pdf,"Terri Schwartz is a highly motivated Entry-Level Software Engineer with a strong educational background, holding a Master's degree in Computer Science from Stanford University. Despite having only 1 year of experience, Terri has demonstrated impressive skills in deploying scalable ML models and improving system efficiency, with a notable achievement of reducing equipment downtime by 25% through a predictive maintenance system. Her experience with Python, scikit-learn, and TensorFlow is commendable, and her project on image classification using PyTorch and convolutional neural networks showcases her ability to work on complex problems. Terri's technical skills, including proficiency in Python, Java, C++, and experience with AWS, GCP, and Docker, align well with the requirements of the Senior Software Engineer position. Although she falls short of the minimum 6 years of experience, her strong academic foundation, practical experience, and passion for leveraging technology to drive business growth make her a promising candidate. With additional experience and mentorship, Terri has the potential to grow into a skilled software engineer, and her eagerness to learn and contribute to a team makes her a good fit for a junior or early-career role. However, for a Senior Software Engineer position, she may require more experience and guidance to take on leadership responsibilities and drive technical direction. Overall, Terri's skills and enthusiasm make her a strong candidate for an entry-level or junior software engineer role, but she may not be ready for a senior-level position at this time.","Terri Schwartz, despite holding a Master's degree in Computer Science from Stanford, falls significantly short of the requirements for a Senior Software Engineer specializing in Cloud Infrastructure. While her resume showcases a strong academic foundation and some practical experience in AI/ML model deployment, her single year of professional experience is a major red flag. Her skills are primarily focused on AI/ML, not the broad cloud infrastructure expertise demanded by the job description. The ideal candidate should have extensive experience in designing, developing, and maintaining large-scale cloud-based systems, including proficiency in infrastructure-as-code tools, networking fundamentals, and cloud security principles. Terri's experience does not align with any of these requirements. Llama's assessment of 2/10 appears to be accurate, as this candidate would be a better fit for an entry-level or junior AI/ML engineer role, where her academic background and limited practical experience could be further developed under proper guidance and mentorship.",3,2.5,Below threshold,b2d14db6-e1c2-4156-885e-309671cdd52e,"New York, NY",Master's Degree,c143e4c4-0444-45b9-b03f-31c48a310cd0,2025-04-23,Company Website
Tony Graves,tonygraves@example.com,9,"['Security', 'Threat Modeling', 'Cloud Infrastructure', 'Python', 'Java', 'C++', 'JavaScript', 'Django', 'React', 'Angular', 'AWS', 'Azure', 'GCP', 'Git', 'Docker', 'Jenkins', 'Kubernetes']",6,4fb131af-5202-414d-bc24-55020cf4d829,5d6f9724-75d7-4059-9ed6-f92ea112bb94,4fb131af-5202-414d-bc24-55020cf4d829.pdf,"Tony Graves is a highly experienced Staff Software Engineer with 9 years of experience, specializing in security, threat modeling, and mitigation strategies. His background is rooted in computer science, with a Master's degree from Stanford University and a Bachelor's degree from MIT, providing a strong foundation in algorithms, data structures, and computer systems. Tony's skills are impressive, with proficiency in programming languages such as Python, Java, C++, and JavaScript, as well as experience with cloud platforms like AWS, Azure, and GCP. He has a proven track record of delivering impactful results, including reducing vulnerability risks by up to 30% in production systems and achieving 100% compliance in security audits. However, upon closer examination, it becomes apparent that Tony's experience is more geared towards security and threat modeling, rather than cloud infrastructure, which is the primary requirement for the role. While he has some experience with cloud platforms, his expertise lies in security information and event management, compliance, and threat modeling, making him a less ideal fit for the Senior Software Engineer position in Cloud Infrastructure. Nevertheless, his strong technical skills, leadership experience, and problem-solving abilities make him a valuable asset in the security domain, and with some additional experience in cloud infrastructure, he could potentially be a strong candidate for a related role. Overall, I would rate Tony a 6 out of 10 for this specific position, as his skills and experience, although impressive, do not perfectly align with the job requirements.","Tony Graves, with 9 years of experience as a Staff Software Engineer, possesses a strong security background, particularly in threat modeling and mitigation strategies. His resume showcases proficiency in Python, Java, and C++, along with experience in cloud platforms like AWS, Azure, and GCP. He has demonstrably reduced vulnerability risks and improved threat detection accuracy in previous roles. While he has some exposure to cloud platforms, his expertise is heavily weighted towards security, compliance, and threat management, rather than core cloud infrastructure design, deployment, and maintenance. Given the team's need for stronger networking fundamentals, infrastructure as code expertise, and dedicated cloud security/compliance knowledge, **Llama's assessment of 6/10 is accurate.** While Tony brings valuable skills, his lack of deep, hands-on experience with infrastructure-as-code tools (Terraform, CloudFormation), specific cloud networking configurations, and cloud-native deployment automation makes him a less ideal fit for a Senior Cloud Infrastructure Engineer role. His strong security background could be a bonus, but it doesn't compensate for the missing core infrastructure skills.",7,6.5,Below threshold,4fb131af-5202-414d-bc24-55020cf4d829,"San Francisco, CA",Master's Degree,c143e4c4-0444-45b9-b03f-31c48a310cd0,2025-04-07,Campus Recruiting
Melanie Golden,melaniegolden@example.com,5,"['Security', 'Cloud Infrastructure', 'Python', 'Java', 'C++', 'AWS', 'Azure', 'GCP', 'Docker', 'Kubernetes']",6,f4cd8ed9-d76e-430e-9c87-e9da735db3f7,502854e5-7dff-447c-b9a6-e5ef16095814,f4cd8ed9-d76e-430e-9c87-e9da735db3f7.pdf,"Melanie Golden is a highly skilled Senior Software Engineer with a strong background in security, specializing in designing and implementing robust security protocols. Although she falls short of the minimum 6 years of experience required for the role, her impressive track record of delivering secure and scalable systems, coupled with her passion for staying up-to-date with the latest security trends and technologies, makes her a compelling candidate. With 5 years of experience in security, Melanie has developed a strong proficiency in programming languages such as Python, Java, and C++, and has experience with cloud providers like AWS, Azure, and GCP. Her technical skills are further augmented by her experience with containerization technologies like Docker and her familiarity with DevOps tools like Jenkins. While her experience is more focused on security than cloud infrastructure, her skills are highly transferable, and her ability to design and implement secure systems could be a significant asset to a cloud infrastructure team. Furthermore, her experience mentoring junior engineers and conducting code reviews demonstrates her strong communication and leadership skills, making her a good fit for a collaborative team environment. Overall, Melanie's unique blend of security expertise, technical skills, and passion for innovation make her a strong candidate, despite not meeting the exact experience requirement, and she could bring significant value to a cloud infrastructure team with the right guidance and support.","Melanie Golden presents a mixed bag as a Senior Software Engineer candidate specializing in cloud infrastructure. While her resume highlights a strong security background with practical experience in designing and implementing security protocols, encryption algorithms, and secure API gateways, her experience is primarily focused on security rather than the broad scope of cloud infrastructure. Her proficiency in programming languages (Python, Java, C++), familiarity with cloud providers (AWS, Azure, GCP), and exposure to containerization technologies (Docker) and DevOps tools (Jenkins) offer a solid foundation. However, the limited explicit experience with infrastructure-as-code tools (Terraform, CloudFormation), networking fundamentals, and monitoring/logging tools is a concern. Despite falling short on the listed minimum of 6 years of experience, her 5 years in security could be valuable, given the importance of security in cloud environments, but there needs to be more of a general cloud infrastructure background. Llama's assessment of 6 out of 10 seems fair, as Melanie possesses valuable skills but requires additional experience in core cloud infrastructure components to be a strong fit for the role.",4,5.0,Below threshold,f4cd8ed9-d76e-430e-9c87-e9da735db3f7,"San Francisco, CA",Bachelor's Degree,c143e4c4-0444-45b9-b03f-31c48a310cd0,2025-04-14,Company Website
Alan White,alanwhite@example.com,5,"['Security', 'Threat Modeling', 'Cloud Infrastructure', 'Python', 'Java', 'C++', 'Docker', 'Kubernetes', 'AWS', 'Azure', 'GCP']",6,7d2170b3-ec8d-4024-b915-c8c9ac6aa495,77e8698e-3fc7-4015-8fc5-5e1518ad109c,7d2170b3-ec8d-4024-b915-c8c9ac6aa495.pdf,"Alan White is a highly experienced Senior Software Engineer with a strong background in Security, holding a PhD in Computer Science from Stanford University. Although he falls short of the minimum 6 years of experience requirement, having only 5 years of experience, his exceptional academic credentials and impressive project experience make up for this shortfall. His expertise in threat modeling, secure coding practices, and cloud security is evident from his work on the threat modeling framework using MITRE ATT&CK, which reduced vulnerabilities by 30% and improved incident response time by 25%. Additionally, his experience with cloud providers, including AWS, Azure, and GCP, and his proficiency in programming languages such as Python, Java, and C++ make him a strong fit for the role. His project experience, including the development of a secure CI/CD pipeline using Jenkins, Docker, and Kubernetes, and his contribution to open-source projects, such as the secure coding guidelines for Python and Java, demonstrate his ability to deliver high-quality solutions and collaborate with others. Overall, despite not meeting the exact experience requirement, Alan's unique blend of security expertise, cloud knowledge, and strong academic foundation make him a compelling candidate for the Senior Software Engineer position, and his skills and experience align well with the company's needs, making him a good fit for the role.","Alan White presents a mixed profile for the Senior Software Engineer role. While he possesses a PhD in Computer Science from Stanford and demonstrable expertise in security, particularly threat modeling and secure coding practices, his experience falls short of the required 6 years, with only 5 years in the field. His experience with cloud providers (AWS, Azure, GCP) and proficiency in relevant programming languages (Python, Java, C++) are positives. However, his resume heavily emphasizes security aspects, potentially overshadowing his hands-on cloud infrastructure experience. While the projects listed are commendable, they don't fully bridge the gap in required years of experience, especially concerning the depth of knowledge needed for designing, deploying, and maintaining large-scale cloud-based systems. Overall, the candidate's deep focus on security might not directly translate into the broad cloud infrastructure skills this role needs.

Llama's assessment of 6/10 seems appropriate. While he is a very strong candidate, the team would benefit greatly from someone who has experience in networking fundamentals, monitoring and logging, infrastructure as code, cloud security and compliance, and agile development methodologies. Since Alan's experience is geared towards security, he is not well rounded enough to fill the needs of the team.",7,6.5,Below threshold,7d2170b3-ec8d-4024-b915-c8c9ac6aa495,"Austin, TX",PhD,c143e4c4-0444-45b9-b03f-31c48a310cd0,2025-04-24,Company Website
